,Motif_ID,Motif_Symbol,AtID,Source
0,M00719_2.00,RAP2-2,AT3G14230,CIS-BP
1,M00724_2.00,EIL1,AT2G27050,CIS-BP
2,M00728_2.00,HAT3,AT3G60390,CIS-BP
3,M00751_2.00,AT1G48610,AT1G48610,CIS-BP
4,M00842_2.00,ERF018,AT1G74930,CIS-BP
5,M00845_2.00,RAP2.7,AT2G28550,CIS-BP
6,M00847_2.00,RAP2-3,AT3G16770,CIS-BP
7,M00848_2.00,ERF1A,AT4G17500,CIS-BP
8,M00850_2.00,RAP2-10,AT4G36900,CIS-BP
9,M00851_2.00,TOE2,AT5G60120,CIS-BP
10,M00852_2.00,ARF3,AT2G33860,CIS-BP
11,M00853_2.00,REM1,AT4G31610,CIS-BP
12,M00855_2.00,BZIP60,AT1G42990,CIS-BP
13,M00857_2.00,ZAT2,AT2G17180,CIS-BP
14,M00858_2.00,AT3G53600,AT3G53600,CIS-BP
15,M00859_2.00,AT4G35610,AT4G35610,CIS-BP
16,M00860_2.00,AT5G03510,AT5G03510,CIS-BP
17,M00861_2.00,ZAT6,AT5G04340,CIS-BP
18,M00862_2.00,DOF5.7,AT5G65590,CIS-BP
19,M00872_2.00,ARR11,AT1G67710,CIS-BP
20,M00874_2.00,GPRI1,AT2G20570,CIS-BP
21,M00875_2.00,CCA1,AT2G46830,CIS-BP
22,M00877_2.00,MYB46,AT5G12870,CIS-BP
23,M00878_2.00,KAN1,AT5G16560,CIS-BP
24,M00880_2.00,AT5G28300,AT5G28300,CIS-BP
25,M00881_2.00,KAN4,AT5G42630,CIS-BP
26,M00882_2.00,MYB111,AT5G49330,CIS-BP
27,M00883_2.00,MYB59,AT5G59780,CIS-BP
28,M00890_2.00,YAB1,AT2G45190,CIS-BP
29,M00891_2.00,TCP23,AT1G35560,CIS-BP
30,M00894_2.00,AHL12,AT1G63480,CIS-BP
31,M00895_2.00,SRS1,AT3G51060,CIS-BP
32,M00896_2.00,AHL20,AT4G14465,CIS-BP
33,M00897_2.00,AHL25,AT4G35390,CIS-BP
34,M00898_2.00,WRKY12,AT2G44745,CIS-BP
35,M00901_2.00,WRKY38,AT5G22570,CIS-BP
36,M00969_2.00,NAC001,AT1G01010,CIS-BP
37,M00971_2.00,NAC012,AT1G32770,CIS-BP
38,M00972_2.00,NAC019,AT1G52890,CIS-BP
39,M00974_2.00,NAC030,AT1G71930,CIS-BP
40,M00978_2.00,NAC066,AT3G61910,CIS-BP
41,M00981_2.00,VOZ2,AT2G42400,CIS-BP
42,M00982_2.00,ZAP1,AT2G04880,CIS-BP
43,M01045_2.00,ERF14,AT1G04370,CIS-BP
44,M01052_2.00,BHLH49,AT1G68920,CIS-BP
45,M01056_2.00,ABF4,AT3G19290,CIS-BP
46,M01060_2.00,IDD9,AT3G45260,CIS-BP
47,M01064_2.00,KNAT7,AT1G62990,CIS-BP
48,M01065_2.00,HAT4,AT4G16780,CIS-BP
49,M01066_2.00,LBD30,AT4G00220,CIS-BP
50,M01070_2.00,TRB1,AT1G49950,CIS-BP
51,M01078_2.00,AT3G16350,AT3G16350,CIS-BP
52,M01080_2.00,AT4G09450,AT4G09450,CIS-BP
53,M01084_2.00,SPL10,AT1G27370,CIS-BP
54,M01085_2.00,AT4G00390,AT4G00390,CIS-BP
55,M01088_2.00,AT2G42040,AT2G42040,CIS-BP
56,M01090_2.00,WRKY53,AT4G23810,CIS-BP
57,M01093_2.00,ERF119,AT3G25890,CIS-BP
58,M01099_2.00,ERF12,AT1G28360,CIS-BP
59,M01105_2.00,AT1G19485,AT1G19485,CIS-BP
60,M01119_2.00,GL3,AT5G41315,CIS-BP
61,M01121_2.00,BHLH60,AT3G57800,CIS-BP
62,M01123_2.00,BHLH30,AT1G68810,CIS-BP
63,M01124_2.00,TT8,AT4G09820,CIS-BP
64,M01125_2.00,AT5G56960,AT5G56960,CIS-BP
65,M01126_2.00,BHLH121,AT3G19860,CIS-BP
66,M01127_2.00,BHLH14,AT4G00870,CIS-BP
67,M01132_2.00,HYH,AT3G17609,CIS-BP
68,M01154_2.00,BZIP25,AT3G54620,CIS-BP
69,M01159_2.00,AT4G38900,AT4G38900,CIS-BP
70,M01161_2.00,EEL,AT2G41070,CIS-BP
71,M01162_2.00,FD,AT4G35900,CIS-BP
72,M01167_2.00,ZAT1,AT1G02030,CIS-BP
73,M01168_2.00,ZAT4,AT2G45120,CIS-BP
74,M01215_2.00,AT1G28310,AT1G28310,CIS-BP
75,M01216_2.00,DOF4.1,AT4G00940,CIS-BP
76,M01219_2.00,DOF2.1,AT2G28510,CIS-BP
77,M01222_2.00,DOF4.6,AT4G24060,CIS-BP
78,M01225_2.00,E2FB,AT5G22220,CIS-BP
79,M01238_2.00,KNAT4,AT5G11060,CIS-BP
80,M01250_2.00,ATHB-52,AT5G53980,CIS-BP
81,M01252_2.00,HDG4,AT4G17710,CIS-BP
82,M01253_2.00,AT4G03250,AT4G03250,CIS-BP
83,M01266_2.00,TRP5,AT1G07540,CIS-BP
84,M01267_2.00,MYB124,AT1G14350,CIS-BP
85,M01268_2.00,AT1G14600,AT1G14600,CIS-BP
86,M01270_2.00,UNE16,AT4G13640,CIS-BP
87,M01277_2.00,MYB109,AT3G55730,CIS-BP
88,M01278_2.00,ARR12,AT2G25180,CIS-BP
89,M01281_2.00,MYB20,AT1G66230,CIS-BP
90,M01282_2.00,TRP3,AT3G12560,CIS-BP
91,M01286_2.00,ATMYB102,AT4G21440,CIS-BP
92,M01309_2.00,AT3G04930,AT3G04930,CIS-BP
93,M01311_2.00,TCP8,AT1G58100,CIS-BP
94,M01312_2.00,BRC1,AT3G18550,CIS-BP
95,M01314_2.00,BRC2,AT1G68800,CIS-BP
96,M01315_2.00,TCP11,AT2G37000,CIS-BP
97,M01316_2.00,TCP6,AT5G41030,CIS-BP
98,M01319_2.00,AT5G25790,AT5G25790,CIS-BP
99,M01324_2.00,WRKY58,AT3G01080,CIS-BP
100,M01443_2.00,YY1,AT4G06634,CIS-BP
101,M01566_2.00,SSRP1,AT3G28730,CIS-BP
102,M01567_2.00,TBP2,AT1G55520,CIS-BP
103,M01602_2.00,ERF094,AT1G06160,CIS-BP
104,M01603_2.00,WIN1,AT1G15360,CIS-BP
105,M01604_2.00,ERF069,AT1G22985,CIS-BP
106,M01605_2.00,TEM1,AT1G25560,CIS-BP
107,M01609_2.00,RAV2,AT1G68840,CIS-BP
108,M01612_2.00,RAP2-4,AT1G78080,CIS-BP
109,M01614_2.00,ERF024,AT2G36450,CIS-BP
110,M01618_2.00,ERF098,AT3G23230,CIS-BP
111,M01622_2.00,CRF2,AT4G23750,CIS-BP
112,M01628_2.00,ERF106,AT5G07580,CIS-BP
113,M01629_2.00,ERF113,AT5G13330,CIS-BP
114,M01630_2.00,ERF096,AT5G43410,CIS-BP
115,M01633_2.00,CRF3,AT5G53290,CIS-BP
116,M01647_2.00,ARF14,AT3G25730,CIS-BP
117,M01671_2.00,HMGA,AT1G14900,CIS-BP
118,M01672_2.00,AHL13,AT4G17950,CIS-BP
119,M01674_2.00,AT4G21895,AT4G21895,CIS-BP
120,M01687_2.00,AHL6,AT5G62260,CIS-BP
121,M01695_2.00,LEC2,AT1G28300,CIS-BP
122,M01696_2.00,AT1G51120,AT1G51120,CIS-BP
123,M01697_2.00,ARF8,AT5G37020,CIS-BP
124,M01698_2.00,BHLH13,AT1G01260,CIS-BP
125,M01699_2.00,MYC2,AT1G32640,CIS-BP
126,M01703_2.00,PIF1,AT2G20180,CIS-BP
127,M01705_2.00,UNE10,AT4G00050,CIS-BP
128,M01707_2.00,MYC4,AT4G17880,CIS-BP
129,M01708_2.00,BEE2,AT4G36540,CIS-BP
130,M01709_2.00,SPT,AT4G36930,CIS-BP
131,M01712_2.00,MYC3,AT5G46760,CIS-BP
132,M01713_2.00,BHLH78,AT5G48560,CIS-BP
133,M01714_2.00,ILR3,AT5G54680,CIS-BP
134,M01755_2.00,AT2G43140,AT2G43140,CIS-BP
135,M01758_2.00,BHLH63,AT4G34530,CIS-BP
136,M01772_2.00,ABF1,AT1G49720,CIS-BP
137,M01775_2.00,AT2G21230,AT2G21230,CIS-BP
138,M01778_2.00,BZIP17,AT2G40950,CIS-BP
139,M01781_2.00,GBF2,AT4G01120,CIS-BP
140,M01782_2.00,ABF3,AT4G34000,CIS-BP
141,M01783_2.00,GBF1,AT4G36730,CIS-BP
142,M01787_2.00,BZIP63,AT5G28770,CIS-BP
143,M01851_2.00,ZFP5,AT1G10480,CIS-BP
144,M01853_2.00,ZFP8,AT2G41940,CIS-BP
145,M01854_2.00,AZF2,AT3G19580,CIS-BP
146,M01855_2.00,ZAT7,AT3G46090,CIS-BP
147,M01856_2.00,ZAT11,AT2G37430,CIS-BP
148,M01858_2.00,RBE,AT5G06070,CIS-BP
149,M01859_2.00,ZAT12,AT5G59820,CIS-BP
150,M01900_2.00,CMTA3,AT2G22300,CIS-BP
151,M01901_2.00,CMTA2,AT5G64220,CIS-BP
152,M01902_2.00,CSP4,AT2G21060,CIS-BP
153,M01942_2.00,DOF3.1,AT3G21270,CIS-BP
154,M01946_2.00,CDF2,AT5G39660,CIS-BP
155,M01947_2.00,DOF5.3,AT5G60200,CIS-BP
156,M01994_2.00,GATA10,AT1G08000,CIS-BP
157,M02000_2.00,GATA8,AT3G54810,CIS-BP
158,M02001_2.00,GATA26,AT4G17570,CIS-BP
159,M02002_2.00,GATA9,AT4G32890,CIS-BP
160,M02003_2.00,GATA3,AT4G34680,CIS-BP
161,M02004_2.00,GATA7,AT4G36240,CIS-BP
162,M02005_2.00,GATA27,AT5G47140,CIS-BP
163,M02031_2.00,RGL2,AT3G03450,CIS-BP
164,M02037_2.00,KNAT6,AT1G23380,CIS-BP
165,M02038_2.00,RLT1,AT1G28420,CIS-BP
166,M02041_2.00,ATHB-22,AT2G36610,CIS-BP
167,M02042_2.00,ATHB-4,AT2G44910,CIS-BP
168,M02044_2.00,HAT3.1,AT3G19510,CIS-BP
169,M02045_2.00,ATHB-12,AT3G61890,CIS-BP
170,M02048_2.00,ATML1,AT4G21750,CIS-BP
171,M02049_2.00,WOX13,AT4G35550,CIS-BP
172,M02050_2.00,ATHB-16,AT4G40060,CIS-BP
173,M02051_2.00,KNAT3,AT5G25220,CIS-BP
174,M02137_2.00,WOX14,AT1G20700,CIS-BP
175,M02139_2.00,KNAT1,AT4G08150,CIS-BP
176,M02141_2.00,PRH,AT4G29940,CIS-BP
177,M02227_2.00,BEL1,AT5G41410,CIS-BP
178,M02261_2.00,LBD4,AT1G31320,CIS-BP
179,M02264_2.00,ASIL1,AT1G54060,CIS-BP
180,M02285_2.00,TRFL5,AT1G15720,CIS-BP
181,M02288_2.00,MYB3,AT1G22640,CIS-BP
182,M02293_2.00,ARR14,AT2G01760,CIS-BP
183,M02296_2.00,ARR1,AT3G16857,CIS-BP
184,M02300_2.00,APRR2,AT4G18020,CIS-BP
185,M02302_2.00,PHR1,AT4G28610,CIS-BP
186,M02304_2.00,AT5G04760,AT5G04760,CIS-BP
187,M02305_2.00,AT5G05090,AT5G05090,CIS-BP
188,M02309_2.00,MYR1,AT5G18240,CIS-BP
189,M02311_2.00,MYB24,AT5G40350,CIS-BP
190,M02313_2.00,ARR18,AT5G58080,CIS-BP
191,M02349_2.00,MYB11,AT3G62610,CIS-BP
192,M02353_2.00,AT1G70000,AT1G70000,CIS-BP
193,M02368_2.00,NAC025,AT1G61110,CIS-BP
194,M02371_2.00,NTL9,AT4G35580,CIS-BP
195,M02375_2.00,NAC100,AT5G61430,CIS-BP
196,M02472_2.00,SPL4,AT1G53160,CIS-BP
197,M02473_2.00,AT1G76580,AT1G76580,CIS-BP
198,M02475_2.00,SPL12,AT3G60030,CIS-BP
199,M02476_2.00,SPL7,AT5G18830,CIS-BP
200,M02479_2.00,SPL6,AT1G69170,CIS-BP
201,M02485_2.00,INO,AT1G23420,CIS-BP
202,M02486_2.00,YAB5,AT2G26580,CIS-BP
203,M02492_2.00,STKL1,AT4G00238,CIS-BP
204,M02493_2.00,GEBP,AT4G00270,CIS-BP
205,M02501_2.00,TCP4,AT3G15030,CIS-BP
206,M02503_2.00,TCP2,AT4G18390,CIS-BP
207,M02504_2.00,TCP19,AT5G51910,CIS-BP
208,M02505_2.00,TCP5,AT5G60970,CIS-BP
209,M02521_2.00,TCX4,AT3G04850,CIS-BP
210,M02523_2.00,TCX5,AT4G29000,CIS-BP
211,M02535_2.00,EZA1,AT4G02020,CIS-BP
212,M02546_2.00,WRKY63,AT1G66600,CIS-BP
213,M02547_2.00,WRKY57,AT1G69310,CIS-BP
214,M02551_2.00,WRKY60,AT2G25000,CIS-BP
215,M02556_2.00,WRKY23,AT2G47260,CIS-BP
216,M02561_2.00,WRKY62,AT5G01900,CIS-BP
217,M02565_2.00,WRKY48,AT5G49520,CIS-BP
218,M02567_2.00,WRKY2,AT5G56270,CIS-BP
219,M02568_2.00,WRKY51,AT5G64810,CIS-BP
220,M02647_2.00,ANT,AT4G37750,CIS-BP
221,M02648_2.00,ABI4,AT2G40220,CIS-BP
222,M02654_2.00,DYT1,AT4G21330,CIS-BP
223,M02692_2.00,LFY,AT5G61850,CIS-BP
224,M02693_2.00,AGL3,AT2G03710,CIS-BP
225,M02694_2.00,AGL1,AT3G58780,CIS-BP
226,M02695_2.00,AG,AT4G18960,CIS-BP
227,M02696_2.00,1-Sep,AT5G15800,CIS-BP
228,M02698_2.00,CDC5,AT1G09770,CIS-BP
229,M02700_2.00,RAX3,AT3G49690,CIS-BP
230,M02702_2.00,ARR10,AT4G31920,CIS-BP
231,M02703_2.00,MYB97,AT4G26930,CIS-BP
232,M02704_2.00,ATMYB120,AT5G55020,CIS-BP
233,M02714_2.00,SPL8,AT1G02065,CIS-BP
234,M02720_2.00,HMGB2,AT1G20693,CIS-BP
235,M06560_2.00,ERF023,AT1G01250,CIS-BP
236,M06562_2.00,ERF10,AT1G03800,CIS-BP
237,M06564_2.00,DREB1F,AT1G12610,CIS-BP
238,M06566_2.00,ERF027,AT1G12630,CIS-BP
239,M06568_2.00,ERF017,AT1G19210,CIS-BP
240,M06570_2.00,ERF012,AT1G21910,CIS-BP
241,M06571_2.00,ERF019,AT1G22810,CIS-BP
242,M06573_2.00,ERF087,AT1G28160,CIS-BP
243,M06575_2.00,ERF11,AT1G28370,CIS-BP
244,M06577_2.00,ERF055,AT1G36060,CIS-BP
245,M06579_2.00,RAP2-6,AT1G43160,CIS-BP
246,M06581_2.00,ERF014,AT1G44830,CIS-BP
247,M06582_2.00,RAP2-1,AT1G46768,CIS-BP
248,M06584_2.00,ERF3,AT1G50640,CIS-BP
249,M06586_2.00,ERF8,AT1G53170,CIS-BP
250,M06588_2.00,RAP2-12,AT1G53910,CIS-BP
251,M06589_2.00,DREB1E,AT1G63030,CIS-BP
252,M06590_2.00,AT1G63040,AT1G63040,CIS-BP
253,M06591_2.00,ERF118,AT1G68550,CIS-BP
254,M06593_2.00,ERF021,AT1G71450,CIS-BP
255,M06595_2.00,HRE1,AT1G72360,CIS-BP
256,M06597_2.00,DREB2D,AT1G75490,CIS-BP
257,M06599_2.00,ERF037,AT1G77200,CIS-BP
258,M06601_2.00,ERF013,AT1G77640,CIS-BP
259,M06602_2.00,ERF008,AT2G23340,CIS-BP
260,M06604_2.00,ERF15,AT2G31230,CIS-BP
261,M06606_2.00,AT2G33710,AT2G33710,CIS-BP
262,M06608_2.00,ERF038,AT2G35700,CIS-BP
263,M06609_2.00,DREB2E,AT2G38340,CIS-BP
264,M06611_2.00,DREB2C,AT2G40340,CIS-BP
265,M06612_2.00,ERF13,AT2G44840,CIS-BP
266,M06614_2.00,ERF034,AT2G44940,CIS-BP
267,M06616_2.00,ERF4,AT3G15210,CIS-BP
268,M06618_2.00,AT3G16280,AT3G16280,CIS-BP
269,M06620_2.00,ERF7,AT3G20310,CIS-BP
270,M06622_2.00,PLT1,AT3G20840,CIS-BP
271,M06624_2.00,ERF095,AT3G23220,CIS-BP
272,M06626_2.00,ERF1B,AT3G23240,CIS-BP
273,M06628_2.00,ERF011,AT3G50260,CIS-BP
274,M06630_2.00,DREB2F,AT3G57600,CIS-BP
275,M06631_2.00,ERF035,AT3G60490,CIS-BP
276,M06633_2.00,RAP2-9,AT4G06746,CIS-BP
277,M06635_2.00,ERF039,AT4G16750,CIS-BP
278,M06637_2.00,ERF6,AT4G17490,CIS-BP
279,M06638_2.00,ERF091,AT4G18450,CIS-BP
280,M06639_2.00,DREB1C,AT4G25470,CIS-BP
281,M06641_2.00,DREB1A,AT4G25480,CIS-BP
282,M06643_2.00,DREB1B,AT4G25490,CIS-BP
283,M06645_2.00,CRF4,AT4G27950,CIS-BP
284,M06647_2.00,ERF054,AT4G28140,CIS-BP
285,M06649_2.00,ERF015,AT4G31060,CIS-BP
286,M06651_2.00,ERF043,AT4G32800,CIS-BP
287,M06653_2.00,ERF109,AT4G34410,CIS-BP
288,M06655_2.00,DREB2A,AT5G05410,CIS-BP
289,M06657_2.00,ERF115,AT5G07310,CIS-BP
290,M06659_2.00,AIL6,AT5G10510,CIS-BP
291,M06660_2.00,SHN2,AT5G11190,CIS-BP
292,M06661_2.00,LEP,AT5G13910,CIS-BP
293,M06662_2.00,DREB2G,AT5G18450,CIS-BP
294,M06663_2.00,ERF086,AT5G18560,CIS-BP
295,M06665_2.00,RAP2-11,AT5G19790,CIS-BP
296,M06667_2.00,ERF003,AT5G25190,CIS-BP
297,M06669_2.00,TINY,AT5G25810,CIS-BP
298,M06670_2.00,ERF9,AT5G44210,CIS-BP
299,M06672_2.00,ERF2,AT5G47220,CIS-BP
300,M06674_2.00,ERF5,AT5G47230,CIS-BP
301,M06676_2.00,ERF105,AT5G51190,CIS-BP
302,M06678_2.00,DREB1D,AT5G51990,CIS-BP
303,M06680_2.00,ERF025,AT5G52020,CIS-BP
304,M06682_2.00,ERF104,AT5G61600,CIS-BP
305,M06684_2.00,ABR1,AT5G64750,CIS-BP
306,M06686_2.00,AT5G65130,AT5G65130,CIS-BP
307,M06688_2.00,AIL7,AT5G65510,CIS-BP
308,M06690_2.00,ERF010,AT5G67190,CIS-BP
309,M06692_2.00,RAV1,AT1G13260,CIS-BP
310,M06694_2.00,ARID6,AT1G20910,CIS-BP
311,M06695_2.00,ARID3,AT2G17410,CIS-BP
312,M06696_2.00,HMGB15,AT1G04880,CIS-BP
313,M06698_2.00,HMGB9,AT1G76110,CIS-BP
314,M06700_2.00,HMGB10,AT3G13350,CIS-BP
315,M06701_2.00,ARF5,AT1G19850,CIS-BP
316,M06702_2.00,REM19,AT1G49480,CIS-BP
317,M06704_2.00,VRN1,AT3G18990,CIS-BP
318,M06706_2.00,FUS3,AT3G26790,CIS-BP
319,M06707_2.00,NGA4,AT4G01500,CIS-BP
320,M06708_2.00,ARF16,AT4G30080,CIS-BP
321,M06709_2.00,AT4G33280,AT4G33280,CIS-BP
322,M06710_2.00,AT5G18090,AT5G18090,CIS-BP
323,M06711_2.00,AT5G25475,AT5G25475,CIS-BP
324,M06712_2.00,AT5G60130,AT5G60130,CIS-BP
325,M06714_2.00,ARF2,AT5G62000,CIS-BP
326,M06715_2.00,BPC1,AT2G01930,CIS-BP
327,M06717_2.00,BPC5,AT4G38910,CIS-BP
328,M06719_2.00,BPC6,AT5G42520,CIS-BP
329,M06720_2.00,BHLH74,AT1G10120,CIS-BP
330,M06722_2.00,BHLH80,AT1G35460,CIS-BP
331,M06724_2.00,BHLH122,AT1G51140,CIS-BP
332,M06726_2.00,BPE,AT1G59640,CIS-BP
333,M06727_2.00,BIM2,AT1G69010,CIS-BP
334,M06729_2.00,AT2G18300,AT2G18300,CIS-BP
335,M06730_2.00,AT2G22750,AT2G22750,CIS-BP
336,M06731_2.00,BHLH10,AT2G31220,CIS-BP
337,M06733_2.00,AT2G42280,AT2G42280,CIS-BP
338,M06734_2.00,BHLH34,AT3G23210,CIS-BP
339,M06736_2.00,BHLH77,AT3G23690,CIS-BP
340,M06737_2.00,BHLH104,AT4G14410,CIS-BP
341,M06738_2.00,LRL2,AT4G30980,CIS-BP
342,M06739_2.00,BIM1,AT5G08130,CIS-BP
343,M06741_2.00,BIM3,AT5G38860,CIS-BP
344,M06742_2.00,BHLH28,AT5G46830,CIS-BP
345,M06743_2.00,BHLH72,AT5G61270,CIS-BP
346,M06744_2.00,AT1G06070,AT1G06070,CIS-BP
347,M06746_2.00,AtbZIP52,AT1G06850,CIS-BP
348,M06748_2.00,TGA9,AT1G08320,CIS-BP
349,M06750_2.00,TGA3,AT1G22070,CIS-BP
350,M06752_2.00,BZIP68,AT1G32150,CIS-BP
351,M06753_2.00,VIP1,AT1G43700,CIS-BP
352,M06755_2.00,ABF2,AT1G45249,CIS-BP
353,M06756_2.00,BZIP44,AT1G75390,CIS-BP
354,M06758_2.00,TGA7,AT1G77920,CIS-BP
355,M06760_2.00,AtbZIP48,AT2G04038,CIS-BP
356,M06762_2.00,BZIP2,AT2G18160,CIS-BP
357,M06764_2.00,BZIP16,AT2G35530,CIS-BP
358,M06766_2.00,ABI5,AT2G36270,CIS-BP
359,M06768_2.00,BZIP18,AT2G40620,CIS-BP
360,M06770_2.00,GBF3,AT2G46270,CIS-BP
361,M06772_2.00,BZIP28,AT3G10800,CIS-BP
362,M06773_2.00,TGA6,AT3G12250,CIS-BP
363,M06775_2.00,ATBZIP42,AT3G30530,CIS-BP
364,M06777_2.00,DPBF3,AT3G56850,CIS-BP
365,M06779_2.00,BZIP53,AT3G62420,CIS-BP
366,M06781_2.00,BZIP11,AT4G34590,CIS-BP
367,M06783_2.00,TGA10,AT5G06839,CIS-BP
368,M06785_2.00,TGA2,AT5G06950,CIS-BP
369,M06787_2.00,TGA5,AT5G06960,CIS-BP
370,M06788_2.00,TGA4,AT5G10030,CIS-BP
371,M06790_2.00,HY5,AT5G11260,CIS-BP
372,M06791_2.00,AtbZIP3,AT5G15830,CIS-BP
373,M06792_2.00,BZIP43,AT5G38800,CIS-BP
374,M06793_2.00,TGA1,AT5G65210,CIS-BP
375,M06795_2.00,MGP,AT1G03840,CIS-BP
376,M06797_2.00,AT1G14580,AT1G14580,CIS-BP
377,M06799_2.00,ZAT10,AT1G27730,CIS-BP
378,M06801_2.00,STOP1,AT1G34370,CIS-BP
379,M06803_2.00,IDD7,AT1G55110,CIS-BP
380,M06804_2.00,TFIIIA,AT1G72050,CIS-BP
381,M06805_2.00,SGR5,AT2G01940,CIS-BP
382,M06807_2.00,IDD5,AT2G02070,CIS-BP
383,M06809_2.00,IDD4,AT2G02080,CIS-BP
384,M06810_2.00,AT2G15740,AT2G15740,CIS-BP
385,M06811_2.00,SAP11,AT2G41835,CIS-BP
386,M06812_2.00,AT2G48100,AT2G48100,CIS-BP
387,M06813_2.00,AT3G46070,AT3G46070,CIS-BP
388,M06814_2.00,AT3G49930,AT3G49930,CIS-BP
389,M06815_2.00,IDD2,AT3G50700,CIS-BP
390,M06817_2.00,ZAT9,AT3G60580,CIS-BP
391,M06818_2.00,JKD,AT5G03150,CIS-BP
392,M06819_2.00,AT5G04390,AT5G04390,CIS-BP
393,M06820_2.00,STOP2,AT5G22890,CIS-BP
394,M06821_2.00,AT5G22990,AT5G22990,CIS-BP
395,M06822_2.00,NUC,AT5G44160,CIS-BP
396,M06824_2.00,IDD1,AT5G66730,CIS-BP
397,M06826_2.00,AZF1,AT5G67450,CIS-BP
398,M06827_2.00,CAMTA5,AT4G16150,CIS-BP
399,M06828_2.00,EICBP.B,AT5G09410,CIS-BP
400,M06829_2.00,DOF1.5,AT1G29160,CIS-BP
401,M06831_2.00,DOF1.6,AT1G47655,CIS-BP
402,M06833_2.00,DOF1.7,AT1G51700,CIS-BP
403,M06835_2.00,DOF1.8,AT1G64620,CIS-BP
404,M06837_2.00,CDF5,AT1G69570,CIS-BP
405,M06839_2.00,DOF2.2,AT2G28810,CIS-BP
406,M06841_2.00,DOF2.4,AT2G37590,CIS-BP
407,M06843_2.00,DOF2.5,AT2G46590,CIS-BP
408,M06845_2.00,GATA24,AT3G21175,CIS-BP
409,M06847_2.00,DOF3.2,AT3G45610,CIS-BP
410,M06849_2.00,CDF3,AT3G47500,CIS-BP
411,M06851_2.00,DOF3.4,AT3G50410,CIS-BP
412,M06852_2.00,AT3G52440,AT3G52440,CIS-BP
413,M06854_2.00,OBP3,AT3G55370,CIS-BP
414,M06856_2.00,DOF4.2,AT4G21030,CIS-BP
415,M06857_2.00,DOF4.3,AT4G21040,CIS-BP
416,M06859_2.00,DOF4.5,AT4G21080,CIS-BP
417,M06861_2.00,DOF4.7,AT4G38000,CIS-BP
418,M06863_2.00,DOF5.1,AT5G02460,CIS-BP
419,M06865_2.00,DOF5.4,AT5G60850,CIS-BP
420,M06867_2.00,DOF5.6,AT5G62940,CIS-BP
421,M06868_2.00,DOF5.8,AT5G66940,CIS-BP
422,M06870_2.00,E2FC,AT1G47870,CIS-BP
423,M06873_2.00,E2FE,AT3G48160,CIS-BP
424,M06875_2.00,E2FD,AT5G14960,CIS-BP
425,M06877_2.00,EIL3,AT1G73730,CIS-BP
426,M06878_2.00,EIN3,AT3G20770,CIS-BP
427,M06880_2.00,FAR1,AT4G15090,CIS-BP
428,M06882_2.00,GATA11,AT1G08010,CIS-BP
429,M06883_2.00,GATA28,AT1G51600,CIS-BP
430,M06884_2.00,GATA20,AT2G18380,CIS-BP
431,M06886_2.00,GATA15,AT3G06740,CIS-BP
432,M06887_2.00,GATA1,AT3G24050,CIS-BP
433,M06889_2.00,GATA14,AT3G45170,CIS-BP
434,M06890_2.00,GATA6,AT3G51080,CIS-BP
435,M06891_2.00,GATA4,AT3G60530,CIS-BP
436,M06892_2.00,ZIM,AT4G24470,CIS-BP
437,M06893_2.00,GATA19,AT4G36620,CIS-BP
438,M06895_2.00,GATA12,AT5G25830,CIS-BP
439,M06897_2.00,GATA16,AT5G49300,CIS-BP
440,M06898_2.00,ATHB-9,AT1G30490,CIS-BP
441,M06899_2.00,ATHB-15,AT1G52150,CIS-BP
442,M06900_2.00,ATHB-13,AT1G69780,CIS-BP
443,M06902_2.00,ATHB-X,AT1G70920,CIS-BP
444,M06904_2.00,HDG11,AT1G73360,CIS-BP
445,M06905_2.00,WUS,AT2G17950,CIS-BP
446,M06907_2.00,ATHB-21,AT2G18550,CIS-BP
447,M06909_2.00,ATHB-6,AT2G22430,CIS-BP
448,M06911_2.00,ATHB-7,AT2G46680,CIS-BP
449,M06912_2.00,ATHB-20,AT3G01220,CIS-BP
450,M06914_2.00,HAT5,AT3G01470,CIS-BP
451,M06916_2.00,WOX11,AT3G03660,CIS-BP
452,M06917_2.00,HDG1,AT3G61150,CIS-BP
453,M06919_2.00,ANL2,AT4G00730,CIS-BP
454,M06921_2.00,PDF2,AT4G04890,CIS-BP
455,M06922_2.00,HAT1,AT4G17460,CIS-BP
456,M06924_2.00,HB-5,AT4G36740,CIS-BP
457,M06926_2.00,HAT22,AT4G37790,CIS-BP
458,M06927_2.00,ATHB-51,AT5G03790,CIS-BP
459,M06929_2.00,HAT2,AT5G47370,CIS-BP
460,M06931_2.00,HDG7,AT5G52170,CIS-BP
461,M06932_2.00,ATHB-5,AT5G65310,CIS-BP
462,M06934_2.00,ATHB-53,AT5G66700,CIS-BP
463,M06936_2.00,HSFB4,AT1G46264,CIS-BP
464,M06937_2.00,HSFB3,AT2G41690,CIS-BP
465,M06939_2.00,HSFA1E,AT3G02990,CIS-BP
466,M06941_2.00,HSFA6B,AT3G22830,CIS-BP
467,M06943_2.00,HSFC1,AT3G24520,CIS-BP
468,M06945_2.00,HSFB2B,AT4G11660,CIS-BP
469,M06947_2.00,HSFA4A,AT4G18880,CIS-BP
470,M06948_2.00,HSFA1B,AT5G16820,CIS-BP
471,M06950_2.00,HSFA6A,AT5G43840,CIS-BP
472,M06952_2.00,HSFB2A,AT5G62020,CIS-BP
473,M06953_2.00,LBD2,AT1G06280,CIS-BP
474,M06955_2.00,LBD6,AT1G65620,CIS-BP
475,M06956_2.00,LBD13,AT2G30340,CIS-BP
476,M06958_2.00,LBD16,AT2G42430,CIS-BP
477,M06960_2.00,LBD19,AT2G45410,CIS-BP
478,M06962_2.00,LBD18,AT2G45420,CIS-BP
479,M06964_2.00,LBD23,AT3G26620,CIS-BP
480,M06966_2.00,LOB,AT5G63090,CIS-BP
481,M06967_2.00,GT-1,AT1G13450,CIS-BP
482,M06968_2.00,AT-GTL1,AT1G33240,CIS-BP
483,M06970_2.00,AT1G76880,AT1G76880,CIS-BP
484,M06971_2.00,AT3G10030,AT3G10030,CIS-BP
485,M06973_2.00,ASIL2,AT3G14180,CIS-BP
486,M06974_2.00,GT-4,AT3G25990,CIS-BP
487,M06976_2.00,AT3G58630,AT3G58630,CIS-BP
488,M06978_2.00,AT5G05550,AT5G05550,CIS-BP
489,M06980_2.00,AT5G47660,AT5G47660,CIS-BP
490,M06982_2.00,AGL63,AT1G31140,CIS-BP
491,M06983_2.00,AGL55,AT1G60920,CIS-BP
492,M06984_2.00,SVP,AT2G22540,CIS-BP
493,M06986_2.00,AGL6,AT2G45650,CIS-BP
494,M06987_2.00,AGL16,AT3G57230,CIS-BP
495,M06989_2.00,AGL13,AT3G61120,CIS-BP
496,M06992_2.00,AGL15,AT5G13790,CIS-BP
497,M06994_2.00,AGL80,AT5G48670,CIS-BP
498,M06995_2.00,AGL42,AT5G62165,CIS-BP
499,M06996_2.00,AT5G23930,AT5G23930,CIS-BP
500,M06997_2.00,LHY,AT1G01060,CIS-BP
501,M06999_2.00,ATMYB13,AT1G06180,CIS-BP
502,M07001_2.00,MYB60,AT1G08810,CIS-BP
503,M07002_2.00,MYB61,AT1G09540,CIS-BP
504,M07004_2.00,HRS1,AT1G13300,CIS-BP
505,M07005_2.00,MYB58,AT1G16490,CIS-BP
506,M07007_2.00,MYB52,AT1G17950,CIS-BP
507,M07008_2.00,RVE7,AT1G18330,CIS-BP
508,M07010_2.00,MYB51,AT1G18570,CIS-BP
509,M07011_2.00,AT1G18960,AT1G18960,CIS-BP
510,M07012_2.00,AT1G19000,AT1G19000,CIS-BP
511,M07014_2.00,MYB116,AT1G25340,CIS-BP
512,M07016_2.00,HHO3,AT1G25550,CIS-BP
513,M07018_2.00,KAN2,AT1G32240,CIS-BP
514,M07020_2.00,AtMYB93,AT1G34670,CIS-BP
515,M07022_2.00,AT1G49010,AT1G49010,CIS-BP
516,M07024_2.00,HHO6,AT1G49560,CIS-BP
517,M07026_2.00,MYB113,AT1G66370,CIS-BP
518,M07027_2.00,MYB62,AT1G68320,CIS-BP
519,M07029_2.00,HHO2,AT1G68670,CIS-BP
520,M07031_2.00,MYB105,AT1G69560,CIS-BP
521,M07033_2.00,AT1G72740,AT1G72740,CIS-BP
522,M07035_2.00,ATY13,AT1G74650,CIS-BP
523,M07037_2.00,AT1G74840,AT1G74840,CIS-BP
524,M07039_2.00,ATMYB63,AT1G79180,CIS-BP
525,M07040_2.00,PHL7,AT2G01060,CIS-BP
526,M07042_2.00,MYB88,AT2G02820,CIS-BP
527,M07044_2.00,EFM,AT2G03500,CIS-BP
528,M07046_2.00,AT2G20400,AT2G20400,CIS-BP
529,M07048_2.00,AtMYB70,AT2G23290,CIS-BP
530,M07049_2.00,AtMYB81,AT2G26960,CIS-BP
531,M07051_2.00,MYB101,AT2G32460,CIS-BP
532,M07053_2.00,ASR3,AT2G33550,CIS-BP
533,M07055_2.00,AT2G38090,AT2G38090,CIS-BP
534,M07056_2.00,AT2G38300,AT2G38300,CIS-BP
535,M07057_2.00,AT2G40260,AT2G40260,CIS-BP
536,M07059_2.00,MYB57,AT3G01530,CIS-BP
537,M07061_2.00,MYB107,AT3G02940,CIS-BP
538,M07063_2.00,MYR2,AT3G04030,CIS-BP
539,M07065_2.00,MYB108,AT3G06490,CIS-BP
540,M07066_2.00,MYB83,AT3G08500,CIS-BP
541,M07068_2.00,MYB1,AT3G09230,CIS-BP
542,M07069_2.00,RVE8,AT3G09600,CIS-BP
543,M07071_2.00,RVE7L,AT3G10113,CIS-BP
544,M07072_2.00,AT3G10580,AT3G10580,CIS-BP
545,M07074_2.00,AT3G11280,AT3G11280,CIS-BP
546,M07076_2.00,ATMYB65,AT3G11440,CIS-BP
547,M07078_2.00,ATY53,AT3G12720,CIS-BP
548,M07079_2.00,PHL12,AT3G12730,CIS-BP
549,M07081_2.00,AtMYB10,AT3G12820,CIS-BP
550,M07083_2.00,PHL6,AT3G13040,CIS-BP
551,M07084_2.00,MYB15,AT3G23250,CIS-BP
552,M07085_2.00,AT3G24120,AT3G24120,CIS-BP
553,M07087_2.00,MYB118,AT3G27785,CIS-BP
554,M07089_2.00,MYB30,AT3G28910,CIS-BP
555,M07091_2.00,ATMYB121,AT3G30210,CIS-BP
556,M07092_2.00,TRP2,AT3G46590,CIS-BP
557,M07094_2.00,MYB94,AT3G47600,CIS-BP
558,M07095_2.00,F3A4.140,AT3G50060,CIS-BP
559,M07097_2.00,MYB27,AT3G53200,CIS-BP
560,M07099_2.00,AtMYB17,AT3G61250,CIS-BP
561,M07100_2.00,RVE5,AT4G01280,CIS-BP
562,M07102_2.00,MYB55,AT4G01680,CIS-BP
563,M07104_2.00,AtMYB74,AT4G05100,CIS-BP
564,M07106_2.00,MYB39,AT4G17785,CIS-BP
565,M07108_2.00,MYB98,AT4G18770,CIS-BP
566,M07109_2.00,AtMYB41,AT4G28110,CIS-BP
567,M07110_2.00,PC-MYB1,AT4G32730,CIS-BP
568,M07112_2.00,HHO5,AT4G37180,CIS-BP
569,M07114_2.00,MYB73,AT4G37260,CIS-BP
570,M07115_2.00,MYB4,AT4G38620,CIS-BP
571,M07116_2.00,MYB3R5,AT5G02320,CIS-BP
572,M07117_2.00,RVE4,AT5G02840,CIS-BP
573,M07119_2.00,AT5G05790,AT5G05790,CIS-BP
574,M07120_2.00,MYB33,AT5G06100,CIS-BP
575,M07121_2.00,SRM1,AT5G08520,CIS-BP
576,M07123_2.00,MYB92,AT5G10280,CIS-BP
577,M07125_2.00,MYB3R4,AT5G11510,CIS-BP
578,M07126_2.00,AtMYB40,AT5G14340,CIS-BP
579,M07127_2.00,MYB43,AT5G16600,CIS-BP
580,M07128_2.00,RVE1,AT5G17300,CIS-BP
581,M07130_2.00,MYB56,AT5G17800,CIS-BP
582,M07132_2.00,PHL1,AT5G29000,CIS-BP
583,M07133_2.00,MYB23,AT5G40330,CIS-BP
584,M07134_2.00,PHL11,AT5G45580,CIS-BP
585,M07136_2.00,KUA1,AT5G47390,CIS-BP
586,M07138_2.00,RVE6,AT5G52660,CIS-BP
587,M07140_2.00,MYB49,AT5G54230,CIS-BP
588,M07142_2.00,MYB80,AT5G56110,CIS-BP
589,M07144_2.00,AT5G56840,AT5G56840,CIS-BP
590,M07146_2.00,AT5G58900,AT5G58900,CIS-BP
591,M07148_2.00,TRP1,AT5G59430,CIS-BP
592,M07149_2.00,AT5G61620,AT5G61620,CIS-BP
593,M07151_2.00,MYB99,AT5G62320,CIS-BP
594,M07153_2.00,MYB96,AT5G62470,CIS-BP
595,M07155_2.00,MYB44,AT5G67300,CIS-BP
596,M07157_2.00,TRB2,AT5G67580,CIS-BP
597,M07159_2.00,NAC002,AT1G01720,CIS-BP
598,M07161_2.00,NAC004,AT1G02230,CIS-BP
599,M07163_2.00,NAC005,AT1G02250,CIS-BP
600,M07164_2.00,NAC007,AT1G12260,CIS-BP
601,M07166_2.00,AT1G19040,AT1G19040,CIS-BP
602,M07167_2.00,NAC010,AT1G28470,CIS-BP
603,M07169_2.00,ANAC011,AT1G32510,CIS-BP
604,M07170_2.00,ANAC13,AT1G32870,CIS-BP
605,M07172_2.00,anac016,AT1G34180,CIS-BP
606,M07174_2.00,NAC017,AT1G34190,CIS-BP
607,M07176_2.00,NAC018,AT1G52880,CIS-BP
608,M07178_2.00,ANAC020,AT1G54330,CIS-BP
609,M07179_2.00,anac028,AT1G65910,CIS-BP
610,M07180_2.00,NAC029,AT1G69490,CIS-BP
611,M07182_2.00,NAC031,AT1G76420,CIS-BP
612,M07184_2.00,SMB,AT1G79580,CIS-BP
613,M07186_2.00,NAC035,AT2G02450,CIS-BP
614,M07187_2.00,NAC037,AT2G18060,CIS-BP
615,M07188_2.00,ANAC038,AT2G24430,CIS-BP
616,M07190_2.00,NTL8,AT2G27300,CIS-BP
617,M07191_2.00,JUB1,AT2G43000,CIS-BP
618,M07192_2.00,NAC043,AT2G46770,CIS-BP
619,M07194_2.00,NAC045,AT3G03200,CIS-BP
620,M07196_2.00,anac046,AT3G04060,CIS-BP
621,M07198_2.00,NAC047,AT3G04070,CIS-BP
622,M07200_2.00,ANAC050,AT3G10480,CIS-BP
623,M07202_2.00,NAC053,AT3G10500,CIS-BP
624,M07204_2.00,AT3G12910,AT3G12910,CIS-BP
625,M07205_2.00,NAC054,AT3G15170,CIS-BP
626,M07207_2.00,NAC055,AT3G15500,CIS-BP
627,M07208_2.00,anac057,AT3G17730,CIS-BP
628,M07210_2.00,anac058,AT3G18400,CIS-BP
629,M07212_2.00,NAC062,AT3G49530,CIS-BP
630,M07214_2.00,NAC68,AT4G01540,CIS-BP
631,M07216_2.00,NAC69,AT4G01550,CIS-BP
632,M07217_2.00,BRN2,AT4G10350,CIS-BP
633,M07219_2.00,anac071,AT4G17980,CIS-BP
634,M07221_2.00,NAC073,AT4G28500,CIS-BP
635,M07223_2.00,anac075,AT4G29230,CIS-BP
636,M07224_2.00,ANAC076,AT4G36160,CIS-BP
637,M07226_2.00,NAC078,AT5G04410,CIS-BP
638,M07228_2.00,NAC079,AT5G07680,CIS-BP
639,M07230_2.00,NAC083,AT5G13180,CIS-BP
640,M07232_2.00,ANAC087,AT5G18270,CIS-BP
641,M07234_2.00,NAC92,AT5G39610,CIS-BP
642,M07236_2.00,ANAC094,AT5G39820,CIS-BP
643,M07237_2.00,anac096,AT5G46590,CIS-BP
644,M07239_2.00,NAC098,AT5G53950,CIS-BP
645,M07241_2.00,NAC101,AT5G62380,CIS-BP
646,M07243_2.00,anac103,AT5G64060,CIS-BP
647,M07245_2.00,NAC105,AT5G66300,CIS-BP
648,M07247_2.00,AT2G01818,AT2G01818,CIS-BP
649,M07248_2.00,NLP4,AT1G20640,CIS-BP
650,M07249_2.00,RKD2,AT1G74480,CIS-BP
651,M07251_2.00,NLP7,AT4G24020,CIS-BP
652,M07252_2.00,S1FA3,AT3G09735,CIS-BP
653,M07253_2.00,SPL14,AT1G20980,CIS-BP
654,M07254_2.00,SPL11,AT1G27360,CIS-BP
655,M07255_2.00,SPL3,AT2G33810,CIS-BP
656,M07257_2.00,SPL9,AT2G42200,CIS-BP
657,M07259_2.00,SPL1,AT2G47070,CIS-BP
658,M07261_2.00,SPL5,AT3G15270,CIS-BP
659,M07263_2.00,SPL15,AT3G57920,CIS-BP
660,M07265_2.00,SPL13A,"AT5G50570,AT5G50670",CIS-BP
661,M07266_2.00,CRC,AT1G69180,CIS-BP
662,M07268_2.00,HMGB13,AT4G11080,CIS-BP
663,M07270_2.00,AT1G66420,AT1G66420,CIS-BP
664,M07271_2.00,STKL2,AT4G00250,CIS-BP
665,M07272_2.00,TCP24,AT1G30210,CIS-BP
666,M07274_2.00,TCP3,AT1G53230,CIS-BP
667,M07276_2.00,TCP1,AT1G67260,CIS-BP
668,M07277_2.00,TCP15,AT1G69690,CIS-BP
669,M07279_2.00,TCP22,AT1G72010,CIS-BP
670,M07281_2.00,TCP9,AT2G45680,CIS-BP
671,M07283_2.00,TCP13,AT3G02150,CIS-BP
672,M07285_2.00,TCP20,AT3G27010,CIS-BP
673,M07287_2.00,TCP16,AT3G45150,CIS-BP
674,M07289_2.00,TCP14,AT3G47620,CIS-BP
675,M07290_2.00,TCP17,AT5G08070,CIS-BP
676,M07292_2.00,TCP21,AT5G08330,CIS-BP
677,M07294_2.00,TCP7,AT5G23280,CIS-BP
678,M07295_2.00,AT2G20110,AT2G20110,CIS-BP
679,M07297_2.00,TCX3,AT3G22760,CIS-BP
680,M07299_2.00,TSO1,AT3G22780,CIS-BP
681,M07300_2.00,TCX2,AT4G14770,CIS-BP
682,M07302_2.00,NFYB4,AT1G09030,CIS-BP
683,M07303_2.00,AT1G10720,AT1G10720,CIS-BP
684,M07304_2.00,JGL,AT1G13400,CIS-BP
685,M07305_2.00,ZHD14,AT1G14687,CIS-BP
686,M07306_2.00,SRS7,AT1G19790,CIS-BP
687,M07308_2.00,AT1G23810,AT1G23810,CIS-BP
688,M07309_2.00,AT1G24250,AT1G24250,CIS-BP
689,M07310_2.00,WIP5,AT1G51220,CIS-BP
690,M07312_2.00,BHLH157,AT1G64625,CIS-BP
691,M07313_2.00,AT1G68200,AT1G68200,CIS-BP
692,M07314_2.00,DEP,AT1G70910,CIS-BP
693,M07315_2.00,AT1G74370,AT1G74370,CIS-BP
694,M07316_2.00,BZR1,AT1G75080,CIS-BP
695,M07317_2.00,ZHD5,AT1G75240,CIS-BP
696,M07319_2.00,AT1G76870,AT1G76870,CIS-BP
697,M07320_2.00,GT-2,AT1G76890,CIS-BP
698,M07322_2.00,BEH4,AT1G78700,CIS-BP
699,M07324_2.00,AGL95,AT2G15660,CIS-BP
700,M07325_2.00,SDG37,AT2G17900,CIS-BP
701,M07326_2.00,ZHD6,AT2G18350,CIS-BP
702,M07328_2.00,AT2G28920,AT2G28920,CIS-BP
703,M07329_2.00,AT2G31460,AT2G31460,CIS-BP
704,M07330_2.00,NF-YB1,AT2G38880,CIS-BP
705,M07331_2.00,WLIN2A,AT2G39900,CIS-BP
706,M07332_2.00,FHA2,AT3G07220,CIS-BP
707,M07333_2.00,AT3G12130,AT3G12130,CIS-BP
708,M07334_2.00,AtIDD11,AT3G13810,CIS-BP
709,M07336_2.00,MIP1B,AT3G21890,CIS-BP
710,M07337_2.00,ZHD9,AT3G28920,CIS-BP
711,M07339_2.00,AT3G42860,AT3G42860,CIS-BP
712,M07340_2.00,AT3G51470,AT3G51470,CIS-BP
713,M07341_2.00,AT4G12670,AT4G12670,CIS-BP
714,M07343_2.00,BEH3,AT4G18890,CIS-BP
715,M07345_2.00,AT4G26030,AT4G26030,CIS-BP
716,M07346_2.00,AT4G27900,AT4G27900,CIS-BP
717,M07347_2.00,BEH2,AT4G36780,CIS-BP
718,M07349_2.00,FRS9,AT4G38170,CIS-BP
719,M07351_2.00,GT-3A,AT5G01380,CIS-BP
720,M07352_2.00,AT5G08750,AT5G08750,CIS-BP
721,M07353_2.00,ZHD10,AT5G39760,CIS-BP
722,M07355_2.00,U2AF35B,AT5G42820,CIS-BP
723,M07356_2.00,BMY2,AT5G45300,CIS-BP
724,M07358_2.00,EMB1789,AT5G56930,CIS-BP
725,M07359_2.00,AT5G58620,AT5G58620,CIS-BP
726,M07360_2.00,ATMYB119,AT5G58850,CIS-BP
727,M07362_2.00,AT5G59990,AT5G59990,CIS-BP
728,M07364_2.00,AT5G63260,AT5G63260,CIS-BP
729,M07366_2.00,ZHD1,AT5G65410,CIS-BP
730,M07368_2.00,ERF122,AT5G67000,CIS-BP
731,M07369_2.00,AtGRF6,AT2G06200,CIS-BP
732,M07370_2.00,GRF9,AT2G45480,CIS-BP
733,M07372_2.00,WRKY65,AT1G29280,CIS-BP
734,M07374_2.00,WRKY71,AT1G29860,CIS-BP
735,M07375_2.00,WRKY14,AT1G30650,CIS-BP
736,M07377_2.00,WRKY6,AT1G62300,CIS-BP
737,M07381_2.00,WRKY3,AT2G03340,CIS-BP
738,M07382_2.00,WRKY59,AT2G21900,CIS-BP
739,M07383_2.00,WRKY15,AT2G23320,CIS-BP
740,M07385_2.00,WRKY17,AT2G24570,CIS-BP
741,M07387_2.00,WRKY25,AT2G30250,CIS-BP
742,M07389_2.00,WRKY21,AT2G30590,CIS-BP
743,M07391_2.00,WRKY33,AT2G38470,CIS-BP
744,M07392_2.00,WRKY55,AT2G40740,CIS-BP
745,M07393_2.00,WRKY43,AT2G46130,CIS-BP
746,M07395_2.00,WRKY46,AT2G46400,CIS-BP
747,M07397_2.00,WRKY45,AT3G01970,CIS-BP
748,M07399_2.00,WRKY70,AT3G56400,CIS-BP
749,M07400_2.00,WRKY22,AT4G01250,CIS-BP
750,M07402_2.00,WRKY47,AT4G01720,CIS-BP
751,M07404_2.00,WRKY42,AT4G04450,CIS-BP
752,M07406_2.00,WRKY28,AT4G18170,CIS-BP
753,M07408_2.00,WRKY31,AT4G22070,CIS-BP
754,M07410_2.00,WRKY29,AT4G23550,CIS-BP
755,M07412_2.00,WRKY7,AT4G24240,CIS-BP
756,M07414_2.00,WRKY20,AT4G26640,CIS-BP
757,M07415_2.00,WRKY11,AT4G31550,CIS-BP
758,M07416_2.00,WRKY18,AT4G31800,CIS-BP
759,M07418_2.00,WRKY26,AT5G07100,CIS-BP
760,M07420_2.00,WRKY75,AT5G13080,CIS-BP
761,M07422_2.00,WRKY30,AT5G24110,CIS-BP
762,M07424_2.00,WRKY50,AT5G26170,CIS-BP
763,M07426_2.00,WRKY24,AT5G41570,CIS-BP
764,M07428_2.00,WRKY8,AT5G46350,CIS-BP
765,M07430_2.00,WRKY27,AT5G52830,CIS-BP
766,M08045_2.00,PIF3,AT1G09530,CIS-BP
767,M08046_2.00,PIF4,AT2G43010,CIS-BP
768,M08047_2.00,PIF5,AT3G59060,CIS-BP
769,M08081_2.00,REF6,AT3G48430,CIS-BP
770,M08106_2.00,E2FA,AT2G36010,CIS-BP
771,M08108_2.00,DPB,AT5G03415,CIS-BP
772,M08114_2.00,FHY3,AT3G22170,CIS-BP
773,M08143_2.00,3-Sep,AT1G24260,CIS-BP
774,M08144_2.00,AP1,AT1G69120,CIS-BP
775,M08145_2.00,AGL27,AT1G77080,CIS-BP
776,M08146_2.00,AP3,AT3G54340,CIS-BP
777,M08147_2.00,FLC,AT5G10140,CIS-BP
778,M08148_2.00,PI,AT5G20240,CIS-BP
779,M08180_2.00,WRKY40,AT1G80840,CIS-BP
780,M08402_2.00,SMZ,AT3G54990,CIS-BP
781,M08425_2.00,SOC1,AT2G45660,CIS-BP
782,M08431_2.00,BZR2,AT1G19350,CIS-BP
783,MYB52,MYB52,AT1G17950,PBM_20140210
784,MYB52_2,MYB52_2,AT1G17950,PBM_20140210
785,MYB59,MYB59,AT5G59780,PBM_20140210
786,MYB46,MYB46,AT5G12870,PBM_20140210
787,MYB46_2,MYB46_2,AT5G12870,PBM_20140210
788,MYB111,MYB111,AT5G49330,PBM_20140210
789,MYB111_2,MYB111_2,AT5G49330,PBM_20140210
790,MYB55,MYB55,AT4G01680,PBM_20140210
791,MYB55_2,MYB55_2,AT4G01680,PBM_20140210
792,CCA1,CCA1,AT2G46830,PBM_20140210
793,CCA1_2,CCA1_2,AT2G46830,PBM_20140210
794,RVE1,RVE1,AT5G17300,PBM_20140210
795,RVE1_2,RVE1_2,AT5G17300,PBM_20140210
796,ARR11,ARR11,AT1G67710,PBM_20140210
797,ARR11_2,ARR11_2,AT1G67710,PBM_20140210
798,ARR11_3ary,ARR11_3ary,AT1G67710,PBM_20140210
799,ARR14,ARR14,AT2G01760,PBM_20140210
800,ARR14_2,ARR14_2,AT2G01760,PBM_20140210
801,ARR14_3ary,ARR14_3ary,AT2G01760,PBM_20140210
802,GLK1,GLK1,AT2G20570,PBM_20140210
803,GLK1_2,GLK1_2,AT2G20570,PBM_20140210
804,KAN4,KAN4,AT5G42630,PBM_20140210
805,KAN4_2,KAN4_2,AT5G42630,PBM_20140210
806,KAN1,KAN1,AT5G16560,PBM_20140210
807,At5g28300,At5g28300,AT5G28300,PBM_20140210
808,RRTF1,RRTF1,AT4G34410,PBM_20140210
809,RRTF1_2,RRTF1_2,AT4G34410,PBM_20140210
810,RRTF1_3ary,RRTF1_3ary,AT4G34410,PBM_20140210
811,RAP2.3,RAP2.3,AT3G16770,PBM_20140210
812,RAP2.3_2,RAP2.3_2,AT3G16770,PBM_20140210
813,RAP2.3_3ary,RAP2.3_3ary,AT3G16770,PBM_20140210
814,RAP2.6,RAP2.6,AT1G43160,PBM_20140210
815,RAP2.6_2,RAP2.6_2,AT1G43160,PBM_20140210
816,RAP2.6_3ary,RAP2.6_3ary,AT1G43160,PBM_20140210
817,ATERF1,ATERF1,AT4G17500,PBM_20140210
818,ATERF1_2,ATERF1_2,AT4G17500,PBM_20140210
819,DDF1,DDF1,AT1G12610,PBM_20140210
820,DREB2C,DREB2C,AT2G40340,PBM_20140210
821,DREB2C_2,DREB2C_2,AT2G40340,PBM_20140210
822,At1g77200,At1g77200,AT1G77200,PBM_20140210
823,ORA47,ORA47,AT1G74930,PBM_20140210
824,ORA47_2,ORA47_2,AT1G74930,PBM_20140210
825,DEAR4,DEAR4,AT4G36900,PBM_20140210
826,DEAR4_2,DEAR4_2,AT4G36900,PBM_20140210
827,DEAR3,DEAR3,AT2G23340,PBM_20140210
828,DEAR3_2,DEAR3_2,AT2G23340,PBM_20140210
829,TOE2,TOE2,AT5G60120,PBM_20140210
830,TOE2_2,TOE2_2,AT5G60120,PBM_20140210
831,TOE2_3ary,TOE2_3ary,AT5G60120,PBM_20140210
832,TOE1,TOE1,AT2G28550,PBM_20140210
833,TOE1_2,TOE1_2,AT2G28550,PBM_20140210
834,TOE1_3ary,TOE1_3ary,AT2G28550,PBM_20140210
835,WOX13,WOX13,AT4G35550,PBM_20140210
836,WOX13_2,WOX13_2,AT4G35550,PBM_20140210
837,ICU4,ICU4,AT1G52150,PBM_20140210
838,ATHB12,ATHB12,AT3G61890,PBM_20140210
839,ATHB51,ATHB51,AT5G03790,PBM_20140210
840,SPL1,SPL1,AT2G47070,PBM_20140210
841,SPL1_2,SPL1_2,AT2G47070,PBM_20140210
842,SPL7,SPL7,AT5G18830,PBM_20140210
843,WRKY18,WRKY18,AT4G31800,PBM_20140210
844,WRKY12,WRKY12,AT2G44745,PBM_20140210
845,WRKY45,WRKY45,AT3G01970,PBM_20140210
846,WRKY38,WRKY38,AT5G22570,PBM_20140210
847,ZAT2,ZAT2,AT2G17180,PBM_20140210
848,At4g35610,At4g35610,AT4G35610,PBM_20140210
849,ZAT6,ZAT6,AT5G04340,PBM_20140210
850,ZAT14,ZAT14,AT5G03510,PBM_20140210
851,ZAT18,ZAT18,AT3G53600,PBM_20140210
852,GATA12,GATA12,AT5G25830,PBM_20140210
853,YAB1,YAB1,AT2G45190,PBM_20140210
854,YAB5,YAB5,AT2G26580,PBM_20140210
855,DAG2,DAG2,AT5G65590,PBM_20140210
856,Dof5.7,Dof5.7,AT5G65590,PBM_20140210
857,Dof5.7_2,Dof5.7_2,AT5G65590,PBM_20140210
858,TCP15,TCP15,AT1G69690,PBM_20140210
859,TCP23,TCP23,AT1G35560,PBM_20140210
860,TCP16,TCP16,AT1G69690,PBM_20140210
861,HSFB2A,HSFB2A,AT5G62020,PBM_20140210
862,HSFB2A_2,HSFB2A_2,AT5G62020,PBM_20140210
863,HSFC1,HSFC1,AT3G24520,PBM_20140210
864,HSFC1_2,HSFC1_2,AT3G24520,PBM_20140210
865,TGA2,TGA2,AT5G06950,PBM_20140210
866,TGA2_2,TGA2_2,AT5G06950,PBM_20140210
867,bZIP60,bZIP60,AT1G42990,PBM_20140210
868,bZIP60_2,bZIP60_2,AT1G42990,PBM_20140210
869,ETT,ETT,AT2G33860,PBM_20140210
870,ETT_2,ETT_2,AT2G33860,PBM_20140210
871,REM1,REM1,AT4G31610,PBM_20140210
872,REM1_2,REM1_2,AT4G31610,PBM_20140210
873,ANAC55,ANAC55,AT3G15500,PBM_20140210
874,ANAC55_2,ANAC55_2,AT3G15500,PBM_20140210
875,ANAC46,ANAC46,AT3G04060,PBM_20140210
876,ANAC58,ANAC58,AT3G18400,PBM_20140210
877,AHL20,AHL20,AT4G14465,PBM_20140210
878,AHL20_2,AHL20_2,AT4G14465,PBM_20140210
879,AHL20_3ary,AHL20_3ary,AT4G14465,PBM_20140210
880,AHL12,AHL12,AT1G63480,PBM_20140210
881,AHL12_2,AHL12_2,AT1G63480,PBM_20140210
882,AHL12_3ary,AHL12_3ary,AT1G63480,PBM_20140210
883,AHL25,AHL25,AT4G35390,PBM_20140210
884,AHL25_2,AHL25_2,AT4G35390,PBM_20140210
885,AHL25_3ary,AHL25_3ary,AT4G35390,PBM_20140210
886,PIF3,PIF3,AT1G09530,PBM_20140210
887,LBD16,LBD16,AT2G42430,PBM_20140210
888,STY1,STY1,AT3G51060,PBM_20140210
889,STY1_2,STY1_2,AT3G51060,PBM_20140210
890,MYC2,MYC2,AT1G32640,PBM_20140210
891,PIF5,PIF5,AT3G59060,PBM_20140210
892,PIF4,PIF4,AT2G43010,PBM_20140210
893,MYC4,MYC4,AT4G17880,PBM_20140210
894,MYC3,MYC3,AT5G46760,PBM_20140210
895,ERF1,ERF1,AT3G23240,PBM_20140210
896,ABI3VP1_tnt.AT5G18090_col_a_m1,AT5G18090,AT5G18090,DAPv1
897,ABI3VP1_tnt.AT5G25475_col_a_m1,AT5G25475,AT5G25475,DAPv1
898,ABI3VP1_tnt.AT5G60130_col_a_m1,AT5G60130,AT5G60130,DAPv1
899,ABI3VP1_tnt.AT5G60130_colamp_a_m1,AT5G60130,AT5G60130,DAPv1
900,ABI3VP1_tnt.FUS3_col_a_m1,FUS3,AT3G26790,DAPv1
901,ABI3VP1_tnt.NGA4_col_a_m1,NGA4,AT4G01500,DAPv1
902,ABI3VP1_tnt.REM16_col_a_m1,REM16,AT4G33280,DAPv1
903,ABI3VP1_tnt.VRN1_col_a_m1,VRN1,AT3G18990,DAPv1
904,ABI3VP1_tnt.VRN1_colamp_a_m1,VRN1,AT3G18990,DAPv1
905,AP2EREBP_tnt.ABR1_col_a_m1,ABR1,AT5G64750,DAPv1
906,AP2EREBP_tnt.ABR1_colamp_a_m1,ABR1,AT5G64750,DAPv1
907,AP2EREBP_tnt.AIL7_col_a_m1,AIL7,AT5G65510,DAPv1
908,AP2EREBP_tnt.AIL7_colamp_a_m1,AIL7,AT5G65510,DAPv1
909,AP2EREBP_tnt.AT1G01250_col_a_m1,AT1G01250,AT1G01250,DAPv1
910,AP2EREBP_tnt.AT1G01250_colamp_a_m1,AT1G01250,AT1G01250,DAPv1
911,AP2EREBP_tnt.AT1G12630_col_a_m1,AT1G12630,AT1G12630,DAPv1
912,AP2EREBP_tnt.AT1G12630_colamp_a_m1,AT1G12630,AT1G12630,DAPv1
913,AP2EREBP_tnt.AT1G28160_col_a_m1,AT1G28160,AT1G28160,DAPv1
914,AP2EREBP_tnt.AT1G28160_colamp_a_m1,AT1G28160,AT1G28160,DAPv1
915,AP2EREBP_tnt.AT1G44830_col_a_m1,AT1G44830,AT1G44830,DAPv1
916,AP2EREBP_tnt.AT1G71450_col_a_m1,AT1G71450,AT1G71450,DAPv1
917,AP2EREBP_tnt.AT1G71450_colamp_a_m1,AT1G71450,AT1G71450,DAPv1
918,AP2EREBP_tnt.AT1G77200_col_a_m1,AT1G77200,AT1G77200,DAPv1
919,AP2EREBP_tnt.AT1G77200_colamp_a_m1,AT1G77200,AT1G77200,DAPv1
920,AP2EREBP_tnt.AT3G16280_col_a_m1,AT3G16280,AT3G16280,DAPv1
921,AP2EREBP_tnt.AT3G16280_colamp_a_m1,AT3G16280,AT3G16280,DAPv1
922,AP2EREBP_tnt.AT3G57600_col_a_m1,AT3G57600,AT3G57600,DAPv1
923,AP2EREBP_tnt.AT3G60490_col_a_m1,AT3G60490,AT3G60490,DAPv1
924,AP2EREBP_tnt.AT3G60490_colamp_a_m1,AT3G60490,AT3G60490,DAPv1
925,AP2EREBP_tnt.AT4G18450_col_a_m1,AT4G18450,AT4G18450,DAPv1
926,AP2EREBP_tnt.At1g19210_col_a_m1,At1g19210,AT1G19210,DAPv1
927,AP2EREBP_tnt.At1g19210_colamp_a_m1,At1g19210,AT1G19210,DAPv1
928,AP2EREBP_tnt.At1g22810_col_m1,At1g22810,AT1G22810,DAPv1
929,AP2EREBP_tnt.At1g22810_colamp_a_m1,At1g22810,AT1G22810,DAPv1
930,AP2EREBP_tnt.At1g36060_col_a_m1,At1g36060,AT1G36060,DAPv1
931,AP2EREBP_tnt.At1g36060_colamp_a_m1,At1g36060,AT1G36060,DAPv1
932,AP2EREBP_tnt.At1g75490_col_a_m1,At1g75490,AT1G75490,DAPv1
933,AP2EREBP_tnt.At1g75490_colamp_a_m1,At1g75490,AT1G75490,DAPv1
934,AP2EREBP_tnt.At1g77640_col_a_m1,At1g77640,AT1G77640,DAPv1
935,AP2EREBP_tnt.At2g33710_col_m1,At2g33710,AT2G33710,DAPv1
936,AP2EREBP_tnt.At2g33710_colamp_a_m1,At2g33710,AT2G33710,DAPv1
937,AP2EREBP_tnt.At2g44940_col_a_m1,At2g44940,AT2G44940,DAPv1
938,AP2EREBP_tnt.At2g44940_colamp_a_m1,At2g44940,AT2G44940,DAPv1
939,AP2EREBP_tnt.At4g16750_col_a_m1,At4g16750,AT4G16750,DAPv1
940,AP2EREBP_tnt.At4g16750_colamp_a_m1,At4g16750,AT4G16750,DAPv1
941,AP2EREBP_tnt.At4g28140_col_a_m1,At4g28140,AT4G28140,DAPv1
942,AP2EREBP_tnt.At4g28140_colamp_a_m1,At4g28140,AT4G28140,DAPv1
943,AP2EREBP_tnt.At4g31060_col_a_m1,At4g31060,AT4G31060,DAPv1
944,AP2EREBP_tnt.At4g31060_colamp_a_m1,At4g31060,AT4G31060,DAPv1
945,AP2EREBP_tnt.At4g32800_col_m1,At4g32800,AT4G32800,DAPv1
946,AP2EREBP_tnt.At4g32800_colamp_a_m1,At4g32800,AT4G32800,DAPv1
947,AP2EREBP_tnt.At5g18450_col_a_m1,At5g18450,AT5G18450,DAPv1
948,AP2EREBP_tnt.At5g65130_col_a_m1,At5g65130,AT5G65130,DAPv1
949,AP2EREBP_tnt.At5g65130_colamp_a_m1,At5g65130,AT5G65130,DAPv1
950,AP2EREBP_tnt.At5g67000_col_a_m1,At5g67000,AT5G67000,DAPv1
951,AP2EREBP_tnt.CBF1_col_a_m1,CBF1,AT4G25490,DAPv1
952,AP2EREBP_tnt.CBF1_colamp_a_m1,CBF1,AT4G25490,DAPv1
953,AP2EREBP_tnt.CBF2_col_a_m1,CBF2,AT4G25470,DAPv1
954,AP2EREBP_tnt.CBF2_colamp_a_m1,CBF2,AT4G25470,DAPv1
955,AP2EREBP_tnt.CBF3_col_a_m1,CBF3,AT4G25480,DAPv1
956,AP2EREBP_tnt.CBF3_colamp_a_m1,CBF3,AT4G25480,DAPv1
957,AP2EREBP_tnt.CBF4_col_a_m1,CBF4,AT5G51990,DAPv1
958,AP2EREBP_tnt.CBF4_colamp_a_m1,CBF4,AT5G51990,DAPv1
959,AP2EREBP_tnt.CEJ1_col_a_m1,CEJ1,AT3G50260,DAPv1
960,AP2EREBP_tnt.CEJ1_colamp_a_m1,CEJ1,AT3G50260,DAPv1
961,AP2EREBP_tnt.CRF10_col100_a_m1,CRF10,AT1G68550,DAPv1
962,AP2EREBP_tnt.CRF10_colamp_a_m1,CRF10,AT1G68550,DAPv1
963,AP2EREBP_tnt.CRF4_col_a_m1,CRF4,AT4G27950,DAPv1
964,AP2EREBP_tnt.CRF4_colamp_a_m1,CRF4,AT4G27950,DAPv1
965,AP2EREBP_tnt.DDF1_col_a_m1,DDF1,AT1G12610,DAPv1
966,AP2EREBP_tnt.DDF1_colamp_a_m1,DDF1,AT1G12610,DAPv1
967,AP2EREBP_tnt.DDF2_col_a_m1,DDF2,AT1G63030,DAPv1
968,AP2EREBP_tnt.DEAR2_col_a_m1,DEAR2,AT5G67190,DAPv1
969,AP2EREBP_tnt.DEAR2_colamp_a_m1,DEAR2,AT5G67190,DAPv1
970,AP2EREBP_tnt.DEAR3_col_a_m1,DEAR3,AT2G23340,DAPv1
971,AP2EREBP_tnt.DEAR3_colamp_a_m1,DEAR3,AT2G23340,DAPv1
972,AP2EREBP_tnt.DEAR5_col_a_m1,DEAR5,AT4G06746,DAPv1
973,AP2EREBP_tnt.DEAR5_colamp_a_m1,DEAR5,AT4G06746,DAPv1
974,AP2EREBP_tnt.DREB19_col_a_m1,DREB19,AT2G38340,DAPv1
975,AP2EREBP_tnt.DREB19_colamp_a_m1,DREB19,AT2G38340,DAPv1
976,AP2EREBP_tnt.DREB26_col_a_m1,DREB26,AT1G21910,DAPv1
977,AP2EREBP_tnt.DREB2_col_a_m1,DREB2,AT5G05410,DAPv1
978,AP2EREBP_tnt.DREB2_colamp_a_m1,DREB2,AT5G05410,DAPv1
979,AP2EREBP_tnt.ERF104_col_a_m1,ERF104,AT5G61600,DAPv1
980,AP2EREBP_tnt.ERF104_colamp_a_m1,ERF104,AT5G61600,DAPv1
981,AP2EREBP_tnt.ERF105_col_m1,ERF105,AT5G51190,DAPv1
982,AP2EREBP_tnt.ERF105_colamp_a_m1,ERF105,AT5G51190,DAPv1
983,AP2EREBP_tnt.ERF10_col_a_m1,ERF10,AT1G03800,DAPv1
984,AP2EREBP_tnt.ERF10_colamp_a_m1,ERF10,AT1G03800,DAPv1
985,AP2EREBP_tnt.ERF115_col_a_m1,ERF115,AT5G07310,DAPv1
986,AP2EREBP_tnt.ERF115_colamp_a_m1,ERF115,AT5G07310,DAPv1
987,AP2EREBP_tnt.ERF11_col_b_m1,ERF11,AT1G28370,DAPv1
988,AP2EREBP_tnt.ERF11_colamp_a_m1,ERF11,AT1G28370,DAPv1
989,AP2EREBP_tnt.ERF13_col_b_m1,ERF13,AT2G44840,DAPv1
990,AP2EREBP_tnt.ERF13_colamp_a_m1,ERF13,AT2G44840,DAPv1
991,AP2EREBP_tnt.ERF15_col_m1,ERF15,AT2G31230,DAPv1
992,AP2EREBP_tnt.ERF15_colamp_a_m1,ERF15,AT2G31230,DAPv1
993,AP2EREBP_tnt.ERF1_col_a_m1,ERF1,AT3G23240,DAPv1
994,AP2EREBP_tnt.ERF1_colamp_a_d1,ERF1,AT3G23240,DAPv1
995,AP2EREBP_tnt.ERF2_col_a_m1,ERF2,AT5G47220,DAPv1
996,AP2EREBP_tnt.ERF2_colamp_a_m1,ERF2,AT5G47220,DAPv1
997,AP2EREBP_tnt.ERF38_col_a_m1,ERF38,AT2G35700,DAPv1
998,AP2EREBP_tnt.ERF3_col_a_m1,ERF3,AT1G50640,DAPv1
999,AP2EREBP_tnt.ERF3_colamp_a_m1,ERF3,AT1G50640,DAPv1
1000,AP2EREBP_tnt.ERF48_col_a_m1,ERF48,AT2G40340,DAPv1
1001,AP2EREBP_tnt.ERF4_col_a_m1,ERF4,AT3G15210,DAPv1
1002,AP2EREBP_tnt.ERF4_colamp_a_m1,ERF4,AT3G15210,DAPv1
1003,AP2EREBP_tnt.ERF5_col_a_m1,ERF5,AT5G47230,DAPv1
1004,AP2EREBP_tnt.ERF5_colamp_a_m1,ERF5,AT5G47230,DAPv1
1005,AP2EREBP_tnt.ERF6_col_m1,ERF6,AT4G17490,DAPv1
1006,AP2EREBP_tnt.ERF73_col_a_m1,ERF73,AT1G72360,DAPv1
1007,AP2EREBP_tnt.ERF73_colamp_a_m1,ERF73,AT1G72360,DAPv1
1008,AP2EREBP_tnt.ERF7_col_a_m1,ERF7,AT3G20310,DAPv1
1009,AP2EREBP_tnt.ERF7_colamp_a_m1,ERF7,AT3G20310,DAPv1
1010,AP2EREBP_tnt.ERF8_col_a_m1,ERF8,AT1G53170,DAPv1
1011,AP2EREBP_tnt.ERF8_colamp_a_m1,ERF8,AT1G53170,DAPv1
1012,AP2EREBP_tnt.ERF9_col_a_m1,ERF9,AT5G44210,DAPv1
1013,AP2EREBP_tnt.ERF9_colamp_a_m1,ERF9,AT5G44210,DAPv1
1014,AP2EREBP_tnt.ESE1_col_a_m1,ESE1,AT3G23220,DAPv1
1015,AP2EREBP_tnt.ESE1_colamp_a_m1,ESE1,AT3G23220,DAPv1
1016,AP2EREBP_tnt.ESE3_col_a_m1,ESE3,AT5G25190,DAPv1
1017,AP2EREBP_tnt.ESE3_colamp_a_m1,ESE3,AT5G25190,DAPv1
1018,AP2EREBP_tnt.LEP_col_a_m1,LEP,AT5G13910,DAPv1
1019,AP2EREBP_tnt.PLT1_col_a_m1,PLT1,AT3G20840,DAPv1
1020,AP2EREBP_tnt.PLT1_colamp_a_m1,PLT1,AT3G20840,DAPv1
1021,AP2EREBP_tnt.PLT3_col_a_m1,PLT3,AT5G10510,DAPv1
1022,AP2EREBP_tnt.PUCHI_col_a_m1,PUCHI,AT5G18560,DAPv1
1023,AP2EREBP_tnt.PUCHI_colamp_a_m1,PUCHI,AT5G18560,DAPv1
1024,AP2EREBP_tnt.RAP211_col_a_m1,RAP211,AT5G19790,DAPv1
1025,AP2EREBP_tnt.RAP211_colamp_a_m1,RAP211,AT5G19790,DAPv1
1026,AP2EREBP_tnt.RAP212_col_a_m1,RAP212,AT1G53910,DAPv1
1027,AP2EREBP_tnt.RAP21_col_a_m1,RAP21,AT1G46768,DAPv1
1028,AP2EREBP_tnt.RAP21_colamp_a_m1,RAP21,AT1G46768,DAPv1
1029,AP2EREBP_tnt.RAP26_col_a_m1,RAP26,AT1G43160,DAPv1
1030,AP2EREBP_tnt.RAP26_colamp_a_d1,RAP26,AT1G43160,DAPv1
1031,AP2EREBP_tnt.RRTF1_col_a_m1,RRTF1,AT4G34410,DAPv1
1032,AP2EREBP_tnt.RRTF1_colamp_a_m1,RRTF1,AT4G34410,DAPv1
1033,AP2EREBP_tnt.Rap210_col_a_m1,Rap210,AT5G52020,DAPv1
1034,AP2EREBP_tnt.Rap210_colamp_a_m1,Rap210,AT5G52020,DAPv1
1035,AP2EREBP_tnt.SHN3_col_a_m1,SHN3,AT5G11190,DAPv1
1036,AP2EREBP_tnt.TINY_col_a_m1,TINY,AT5G25810,DAPv1
1037,ARF_ecoli.MP_col_m1,MP,AT1G19850,DAPv1
1038,ARF_tnt.ARF16_col_b_m1,ARF16,AT4G30080,DAPv1
1039,ARF_tnt.ARF2_col_v31_m1,ARF2,AT5G62000,DAPv1
1040,ARID_tnt.AT1G04880_col_a_m1,AT1G04880,AT1G04880,DAPv1
1041,ARID_tnt.AT1G04880_colamp_a_m1,AT1G04880,AT1G04880,DAPv1
1042,ARID_tnt.AT1G20910_col_a_m1,AT1G20910,AT1G20910,DAPv1
1043,ARID_tnt.AT2G17410_col_a_m1,AT2G17410,AT2G17410,DAPv1
1044,ARID_tnt.At1g76110_col_a_m1,At1g76110,AT1G76110,DAPv1
1045,ARID_tnt.At1g76110_colamp_a_m1,At1g76110,AT1G76110,DAPv1
1046,ARID_tnt.At3g13350_col_a_d1,At3g13350,AT3G13350,DAPv1
1047,BBRBPC_tnt.BPC1_col_a_m1,BPC1,AT2G01930,DAPv1
1048,BBRBPC_tnt.BPC1_colamp_a_m1,BPC1,AT2G01930,DAPv1
1049,BBRBPC_tnt.BPC5_col_a_m1,BPC5,AT4G38910,DAPv1
1050,BBRBPC_tnt.BPC5_colamp_a_m1,BPC5,AT4G38910,DAPv1
1051,BBRBPC_tnt.BPC6_col_a_m1,BPC6,AT5G42520,DAPv1
1052,BES1_tnt.BAM8_col_a_m1,BAM8,AT5G45300,DAPv1
1053,BES1_tnt.BAM8_colamp_a_m1,BAM8,AT5G45300,DAPv1
1054,BSD_tnt.AT1G10720_col_a_m1,AT1G10720,AT1G10720,DAPv1
1055,BZR_tnt.At1g78700_col_a_m1,At1g78700,AT1G78700,DAPv1
1056,BZR_tnt.At1g78700_colamp_a_m1,At1g78700,AT1G78700,DAPv1
1057,BZR_tnt.At4g18890_col_a_m1,At4g18890,AT4G18890,DAPv1
1058,BZR_tnt.At4g18890_colamp_a_m1,At4g18890,AT4G18890,DAPv1
1059,BZR_tnt.At4g36780_col_a_m1,At4g36780,AT4G36780,DAPv1
1060,BZR_tnt.At4g36780_colamp_a_m1,At4g36780,AT4G36780,DAPv1
1061,BZR_tnt.BZR1_col_a_m1,BZR1,AT1G75080,DAPv1
1062,C2C2COlike_tnt.AT4G27900_col_a_m1,AT4G27900,AT4G27900,DAPv1
1063,C2C2COlike_tnt.AT5G59990_col_a_m1,AT5G59990,AT5G59990,DAPv1
1064,C2C2COlike_tnt.AT5G59990_colamp_a_m1,AT5G59990,AT5G59990,DAPv1
1065,C2C2YABBY_tnt.CRC_col_a_m1,CRC,AT1G69180,DAPv1
1066,C2C2YABBY_tnt.CRC_colamp_a_m1,CRC,AT1G69180,DAPv1
1067,C2C2dof_tnt.AT1G47655_col_a_m1,AT1G47655,AT1G47655,DAPv1
1068,C2C2dof_tnt.AT1G47655_colamp_a_m1,AT1G47655,AT1G47655,DAPv1
1069,C2C2dof_tnt.AT1G69570_col_a_m1,AT1G69570,AT1G69570,DAPv1
1070,C2C2dof_tnt.AT1G69570_colamp_a_m1,AT1G69570,AT1G69570,DAPv1
1071,C2C2dof_tnt.AT2G28810_col_a_m1,AT2G28810,AT2G28810,DAPv1
1072,C2C2dof_tnt.AT2G28810_colamp_a_m1,AT2G28810,AT2G28810,DAPv1
1073,C2C2dof_tnt.AT3G52440_col_a_m1,AT3G52440,AT3G52440,DAPv1
1074,C2C2dof_tnt.AT3G52440_colamp_a_m1,AT3G52440,AT3G52440,DAPv1
1075,C2C2dof_tnt.AT5G02460_col_a_m1,AT5G02460,AT5G02460,DAPv1
1076,C2C2dof_tnt.AT5G02460_colamp_a_m1,AT5G02460,AT5G02460,DAPv1
1077,C2C2dof_tnt.AT5G66940_col_a_m1,AT5G66940,AT5G66940,DAPv1
1078,C2C2dof_tnt.AT5G66940_colamp_a_m1,AT5G66940,AT5G66940,DAPv1
1079,C2C2dof_tnt.Adof1_col_a_m1,Adof1,AT1G51700,DAPv1
1080,C2C2dof_tnt.Adof1_colamp_a_m1,Adof1,AT1G51700,DAPv1
1081,C2C2dof_tnt.At1g64620_100ng20cy_b_m1,At1g64620,AT1G64620,DAPv1
1082,C2C2dof_tnt.At1g64620_colamp_a_m1,At1g64620,AT1G64620,DAPv1
1083,C2C2dof_tnt.At3g45610_col_a_m1,At3g45610,AT3G45610,DAPv1
1084,C2C2dof_tnt.At3g45610_colamp_a_m1,At3g45610,AT3G45610,DAPv1
1085,C2C2dof_tnt.At4g38000_col_a_m1,At4g38000,AT4G38000,DAPv1
1086,C2C2dof_tnt.At4g38000_colamp_a_m1,At4g38000,AT4G38000,DAPv1
1087,C2C2dof_tnt.At5g62940_col_a_m1,At5g62940,AT5G62940,DAPv1
1088,C2C2dof_tnt.CDF3_col_a_m1,CDF3,AT3G47500,DAPv1
1089,C2C2dof_tnt.CDF3_colamp_a_m1,CDF3,AT3G47500,DAPv1
1090,C2C2dof_tnt.COG1_col_a_m1,COG1,AT1G29160,DAPv1
1091,C2C2dof_tnt.COG1_colamp_a_m1,COG1,AT1G29160,DAPv1
1092,C2C2dof_tnt.DAG2_col_a_m1,DAG2,AT2G46590,DAPv1
1093,C2C2dof_tnt.DAG2_colamp_a_m1,DAG2,AT2G46590,DAPv1
1094,C2C2dof_tnt.OBP1_col_a_m1,OBP1,AT3G50410,DAPv1
1095,C2C2dof_tnt.OBP3_col_a_m1,OBP3,AT3G55370,DAPv1
1096,C2C2dof_tnt.OBP3_colamp_a_m1,OBP3,AT3G55370,DAPv1
1097,C2C2dof_tnt.OBP4_col_a_m1,OBP4,AT5G60850,DAPv1
1098,C2C2dof_tnt.OBP4_colamp_a_m1,OBP4,AT5G60850,DAPv1
1099,C2C2dof_tnt.dof24_col_a_m1,dof24,AT2G37590,DAPv1
1100,C2C2dof_tnt.dof24_colamp_a_m1,dof24,AT2G37590,DAPv1
1101,C2C2dof_tnt.dof42_col_a_m1,dof42,AT4G21030,DAPv1
1102,C2C2dof_tnt.dof43_col_a_m1,dof43,AT4G21040,DAPv1
1103,C2C2dof_tnt.dof43_colamp_a_m1,dof43,AT4G21040,DAPv1
1104,C2C2dof_tnt.dof45_col_a_m1,dof45,AT4G21080,DAPv1
1105,C2C2dof_tnt.dof45_colamp_a_m1,dof45,AT4G21080,DAPv1
1106,C2C2gata_tnt.GATA11_col_a_m1,GATA11,AT1G08010,DAPv1
1107,C2C2gata_tnt.GATA12_col_a_m1,GATA12,AT5G25830,DAPv1
1108,C2C2gata_tnt.GATA12_colamp_a_m1,GATA12,AT5G25830,DAPv1
1109,C2C2gata_tnt.GATA14_col_a_m1,GATA14,AT3G45170,DAPv1
1110,C2C2gata_tnt.GATA15_col_b_m1,GATA15,AT3G06740,DAPv1
1111,C2C2gata_tnt.GATA16_col_a_m1,GATA16,AT5G49300,DAPv1
1112,C2C2gata_tnt.GATA19_col_a_m1,GATA19,AT4G36620,DAPv1
1113,C2C2gata_tnt.GATA19_colamp_a_m1,GATA19,AT4G36620,DAPv1
1114,C2C2gata_tnt.GATA1_col_a_m1,GATA1,AT3G24050,DAPv1
1115,C2C2gata_tnt.GATA1_colamp_a_m1,GATA1,AT3G24050,DAPv1
1116,C2C2gata_tnt.GATA20_col_a_m1,GATA20,AT2G18380,DAPv1
1117,C2C2gata_tnt.GATA20_colamp_a_m1,GATA20,AT2G18380,DAPv1
1118,C2C2gata_tnt.GATA4_col_a_m1,GATA4,AT3G60530,DAPv1
1119,C2C2gata_tnt.GATA6_col200_a_m1,GATA6,AT3G51080,DAPv1
1120,C2C2gata_tnt.ZIM_col_a_m1,ZIM,AT4G24470,DAPv1
1121,C2C2gata_tnt.ZML1_col_a_m1,ZML1,AT3G21175,DAPv1
1122,C2C2gata_tnt.ZML1_colamp_a_m1,ZML1,AT3G21175,DAPv1
1123,C2C2gata_tnt.ZML2_col_a_m1,ZML2,AT1G51600,DAPv1
1124,C2H2_tnt.AT2G15740_col_a_m1,AT2G15740,AT2G15740,DAPv1
1125,C2H2_tnt.AT3G46070_col_a_m1,AT3G46070,AT3G46070,DAPv1
1126,C2H2_tnt.AT3G49930_col_a_m1,AT3G49930,AT3G49930,DAPv1
1127,C2H2_tnt.AT4G26030_col_a_m1,AT4G26030,AT4G26030,DAPv1
1128,C2H2_tnt.AT5G22990_col_a_m1,AT5G22990,AT5G22990,DAPv1
1129,C2H2_tnt.AZF1_colamp_a_m1,AZF1,AT5G67450,DAPv1
1130,C2H2_tnt.At1g14580_col_a_m1,At1g14580,AT1G14580,DAPv1
1131,C2H2_tnt.At1g14580_colamp_a_m1,At1g14580,AT1G14580,DAPv1
1132,C2H2_tnt.At2g41835_col_b_m1,At2g41835,AT2G41835,DAPv1
1133,C2H2_tnt.At2g48100_col_b_m1,At2g48100,AT2G48100,DAPv1
1134,C2H2_tnt.At3g60580_col_a_m1,At3g60580,AT3G60580,DAPv1
1135,C2H2_tnt.At5g04390_col200_a_m1,At5g04390,AT5G04390,DAPv1
1136,C2H2_tnt.At5g22890_col_a_m1,At5g22890,AT5G22890,DAPv1
1137,C2H2_tnt.At5g66730_col_m1,At5g66730,AT5G66730,DAPv1
1138,C2H2_tnt.At5g66730_colamp_a_m1,At5g66730,AT5G66730,DAPv1
1139,C2H2_tnt.AtIDD11_col_a_m1,AtIDD11,AT3G13810,DAPv1
1140,C2H2_tnt.AtIDD11_colamp_a_m1,AtIDD11,AT3G13810,DAPv1
1141,C2H2_tnt.IDD2_col_a_m1,IDD2,AT3G50700,DAPv1
1142,C2H2_tnt.IDD2_colamp_a_m1,IDD2,AT3G50700,DAPv1
1143,C2H2_tnt.IDD4_col_a_m1,IDD4,AT2G02080,DAPv1
1144,C2H2_tnt.IDD5_col_m1,IDD5,AT2G02070,DAPv1
1145,C2H2_tnt.IDD5_colamp_a_m1,IDD5,AT2G02070,DAPv1
1146,C2H2_tnt.IDD7_col_a_m1,IDD7,AT1G55110,DAPv1
1147,C2H2_tnt.JGL_col_a_m1,JGL,AT1G13400,DAPv1
1148,C2H2_tnt.JKD_col_a_m1,JKD,AT5G03150,DAPv1
1149,C2H2_tnt.MGP_col_a_m1,MGP,AT1G03840,DAPv1
1150,C2H2_tnt.MGP_colamp_a_m1,MGP,AT1G03840,DAPv1
1151,C2H2_tnt.NUC_col_a_m1,NUC,AT5G44160,DAPv1
1152,C2H2_tnt.NUC_colamp_a_m1,NUC,AT5G44160,DAPv1
1153,C2H2_tnt.SGR5_col_a_m1,SGR5,AT2G01940,DAPv1
1154,C2H2_tnt.SGR5_colamp_a_m1,SGR5,AT2G01940,DAPv1
1155,C2H2_tnt.STOP1_col_a_m1,STOP1,AT1G34370,DAPv1
1156,C2H2_tnt.STOP1_colamp_a_m1,STOP1,AT1G34370,DAPv1
1157,C2H2_tnt.STZ_col_m1,STZ,AT1G27730,DAPv1
1158,C2H2_tnt.STZ_colamp_a_m1,STZ,AT1G27730,DAPv1
1159,C2H2_tnt.TF3A_col_a_m1,TF3A,AT1G72050,DAPv1
1160,C2H2_tnt.WIP5_col_a_m1,WIP5,AT1G51220,DAPv1
1161,C2H2_tnt.WIP5_colamp_a_m1,WIP5,AT1G51220,DAPv1
1162,C3H_tnt.AT3G12130_colamp_a_m1,AT3G12130,AT3G12130,DAPv1
1163,C3H_tnt.AT5G63260_col_a_m1,AT5G63260,AT5G63260,DAPv1
1164,C3H_tnt.AT5G63260_colamp_a_m1,AT5G63260,AT5G63260,DAPv1
1165,C3H_tnt.At1g70910_col_a_m1,At1g70910,AT1G70910,DAPv1
1166,C3H_tnt.At1g74370_col_a_m1,At1g74370,AT1G74370,DAPv1
1167,C3H_tnt.At5g08750_col_a_m1,At5g08750,AT5G08750,DAPv1
1168,C3H_tnt.CDM1_colamp_a_m1,CDM1,AT1G68200,DAPv1
1169,C3H_tnt.EMB1789_col_a_m1,EMB1789,AT5G56930,DAPv1
1170,C3H_tnt.TZF9_col_a_m1,TZF9,AT5G58620,DAPv1
1171,C3H_tnt.U2AF35B_col_a_m1,U2AF35B,AT5G42820,DAPv1
1172,CAMTA_tnt.CAMTA1_col_a_m1,CAMTA1,AT5G09410,DAPv1
1173,CAMTA_tnt.CAMTA5_col_a_m1,CAMTA5,AT4G16150,DAPv1
1174,CCAATHAP3_tnt.HAP3_col_a_m1,HAP3,AT2G38880,DAPv1
1175,CCAATHAP3_tnt.NFYB4_col_a_m1,NFYB4,AT1G09030,DAPv1
1176,CPP_tnt.AT2G20110_col_a_m1,AT2G20110,AT2G20110,DAPv1
1177,CPP_tnt.AT2G20110_colamp_a_m1,AT2G20110,AT2G20110,DAPv1
1178,CPP_tnt.SOL1_col_m1,SOL1,AT3G22760,DAPv1
1179,CPP_tnt.SOL1_colamp_a_m1,SOL1,AT3G22760,DAPv1
1180,CPP_tnt.TCX2_col_a_m1,TCX2,AT4G14770,DAPv1
1181,CPP_tnt.TCX2_colamp_a_m1,TCX2,AT4G14770,DAPv1
1182,CPP_tnt.TSO1_col_a_m1,TSO1,AT3G22780,DAPv1
1183,DBP_tnt.AT3G51470_col_a_m1,AT3G51470,AT3G51470,DAPv1
1184,E2FDP_tnt.DEL1_col_a_m1,DEL1,AT3G48160,DAPv1
1185,E2FDP_tnt.DEL1_colamp_a_m1,DEL1,AT3G48160,DAPv1
1186,E2FDP_tnt.DEL2_col_a_m1,DEL2,AT5G14960,DAPv1
1187,E2FDP_tnt.DEL2_colamp_a_m1,DEL2,AT5G14960,DAPv1
1188,E2FDP_tnt.E2FA_col_a_m1,E2FA,AT2G36010,DAPv1
1189,E2FDP_tnt.E2FA_colamp_a_m1,E2FA,AT2G36010,DAPv1
1190,E2FDP_tnt.E2FC_col_a_m1,E2FC,AT1G47870,DAPv1
1191,EIL_tnt.EIL3_col_b_m1,EIL3,AT1G73730,DAPv1
1192,EIL_tnt.EIN3_col_a_m1,EIN3,AT3G20770,DAPv1
1193,EIL_tnt.EIN3_colamp_a_d1,EIN3,AT3G20770,DAPv1
1194,FAR1_tnt.FAR1_col_a_m1,FAR1,AT4G15090,DAPv1
1195,FAR1_tnt.FAR1_colamp_a_m1,FAR1,AT4G15090,DAPv1
1196,FHA_tnt.FHA2_col_b_m1,FHA2,AT3G07220,DAPv1
1197,G2like_tnt.AT1G49560_col_a_m1,AT1G49560,AT1G49560,DAPv1
1198,G2like_tnt.AT1G49560_colamp_a_m1,AT1G49560,AT1G49560,DAPv1
1199,G2like_tnt.AT2G20400_col_a_m1,AT2G20400,AT2G20400,DAPv1
1200,G2like_tnt.AT2G20400_colamp_a_m1,AT2G20400,AT2G20400,DAPv1
1201,G2like_tnt.AT2G38300_col_a_m1,AT2G38300,AT2G38300,DAPv1
1202,G2like_tnt.AT2G40260_col_a_m1,AT2G40260,AT2G40260,DAPv1
1203,G2like_tnt.AT2G40260_colamp_a_m1,AT2G40260,AT2G40260,DAPv1
1204,G2like_tnt.AT4G37180_col_a_m1,AT4G37180,AT4G37180,DAPv1
1205,G2like_tnt.AT4G37180_colamp_a_m1,AT4G37180,AT4G37180,DAPv1
1206,G2like_tnt.AT5G45580_col_a_m1,AT5G45580,AT5G45580,DAPv1
1207,G2like_tnt.AT5G45580_colamp_a_m1,AT5G45580,AT5G45580,DAPv1
1208,G2like_tnt.At1g13300_col_a_m1,At1g13300,AT1G13300,DAPv1
1209,G2like_tnt.At1g25550_col_m1,At1g25550,AT1G25550,DAPv1
1210,G2like_tnt.At1g25550_colamp_a_m1,At1g25550,AT1G25550,DAPv1
1211,G2like_tnt.At1g68670_col_m1,At1g68670,AT1G68670,DAPv1
1212,G2like_tnt.At1g68670_colamp_a_d1,At1g68670,AT1G68670,DAPv1
1213,G2like_tnt.At2g01060_col_m1,At2g01060,AT2G01060,DAPv1
1214,G2like_tnt.At2g01060_colamp_a_m1,At2g01060,AT2G01060,DAPv1
1215,G2like_tnt.At2g03500_col_a_m1,At2g03500,AT2G03500,DAPv1
1216,G2like_tnt.At2g03500_colamp_a_m1,At2g03500,AT2G03500,DAPv1
1217,G2like_tnt.At3g04030_col_a_m1,At3g04030,AT3G04030,DAPv1
1218,G2like_tnt.At3g04030_colamp_a_m1,At3g04030,AT3G04030,DAPv1
1219,G2like_tnt.At3g12730_col_a_m1,At3g12730,AT3G12730,DAPv1
1220,G2like_tnt.At3g12730_colamp_a_m1,At3g12730,AT3G12730,DAPv1
1221,G2like_tnt.At3g13040_col_b_m1,At3g13040,AT3G13040,DAPv1
1222,G2like_tnt.At3g24120_col_a_m1,At3g24120,AT3G24120,DAPv1
1223,G2like_tnt.At3g24120_colamp_a_m1,At3g24120,AT3G24120,DAPv1
1224,G2like_tnt.At5g29000_col_a_m1,At5g29000,AT5G29000,DAPv1
1225,G2like_tnt.KAN2_col_a_m1,KAN2,AT1G32240,DAPv1
1226,G2like_tnt.KAN2_colamp_a_m1,KAN2,AT1G32240,DAPv1
1227,GRF_tnt.AtGRF6_col_a_m1,AtGRF6,AT2G06200,DAPv1
1228,GRF_tnt.GRF9_col_a_m1,GRF9,AT2G45480,DAPv1
1229,GRF_tnt.GRF9_colamp_a_m1,GRF9,AT2G45480,DAPv1
1230,GeBP_tnt.AT1G66420_col_a_m1,AT1G66420,AT1G66420,DAPv1
1231,GeBP_tnt.AT4G00250_col_a_m1,AT4G00250,AT4G00250,DAPv1
1232,HB_tnt.ANL2_col_a_m1,ANL2,AT4G00730,DAPv1
1233,HB_tnt.ANL2_colamp_a_m1,ANL2,AT4G00730,DAPv1
1234,HB_tnt.ATHB15_col_a_m1,ATHB15,AT1G52150,DAPv1
1235,HB_tnt.ATHB21_col_a_m1,ATHB21,AT2G18550,DAPv1
1236,HB_tnt.ATHB21_colamp_a_m1,ATHB21,AT2G18550,DAPv1
1237,HB_tnt.ATHB40_col_a_m1,ATHB40,AT4G36740,DAPv1
1238,HB_tnt.ATHB40_colamp_a_m1,ATHB40,AT4G36740,DAPv1
1239,HB_tnt.ATHB53_col_a_m1,ATHB53,AT5G66700,DAPv1
1240,HB_tnt.ATHB53_colamp_a_m1,ATHB53,AT5G66700,DAPv1
1241,HB_tnt.ATHB5_col_a_m1,ATHB5,AT5G65310,DAPv1
1242,HB_tnt.ATHB5_colamp_a_m1,ATHB5,AT5G65310,DAPv1
1243,HB_tnt.HDG7_col_a_m1,HDG7,AT5G52170,DAPv1
1244,HB_tnt.LMI1_col_a_m1,LMI1,AT5G03790,DAPv1
1245,HB_tnt.LMI1_colamp_a_m1,LMI1,AT5G03790,DAPv1
1246,HB_tnt.PHV_col_a_m1,PHV,AT1G30490,DAPv1
1247,HB_tnt.WOX11_col_a_m1,WOX11,AT3G03660,DAPv1
1248,HMG_tnt.3XHMGBOX1_col_a_m1,3XHMGBOX1,AT4G11080,DAPv1
1249,HMG_tnt.3XHMGBOX1_colamp_a_m1,3XHMGBOX1,AT4G11080,DAPv1
1250,HSF_tnt.HSF21_col_a_m1,HSF21,AT4G18880,DAPv1
1251,HSF_tnt.HSF3_col_a_m1,HSF3,AT5G16820,DAPv1
1252,HSF_tnt.HSF3_colamp_a_d1,HSF3,AT5G16820,DAPv1
1253,HSF_tnt.HSF6_col_a_m1,HSF6,AT5G62020,DAPv1
1254,HSF_tnt.HSF7_col_a_m1,HSF7,AT4G11660,DAPv1
1255,HSF_tnt.HSF7_colamp_a_m1,HSF7,AT4G11660,DAPv1
1256,HSF_tnt.HSFA1E_col_a_m1,HSFA1E,AT3G02990,DAPv1
1257,HSF_tnt.HSFA1E_colamp_a_m1,HSFA1E,AT3G02990,DAPv1
1258,HSF_tnt.HSFA6A_col_a_m1,HSFA6A,AT5G43840,DAPv1
1259,HSF_tnt.HSFA6A_colamp_a_m1,HSFA6A,AT5G43840,DAPv1
1260,HSF_tnt.HSFA6B_col_m1,HSFA6B,AT3G22830,DAPv1
1261,HSF_tnt.HSFA6B_colamp_a_m1,HSFA6B,AT3G22830,DAPv1
1262,HSF_tnt.HSFB3_col_a_m1,HSFB3,AT2G41690,DAPv1
1263,HSF_tnt.HSFB3_colamp_a_m1,HSFB3,AT2G41690,DAPv1
1264,HSF_tnt.HSFB4_col_a_m1,HSFB4,AT1G46264,DAPv1
1265,HSF_tnt.HSFC1_col_a_m1,HSFC1,AT3G24520,DAPv1
1266,HSF_tnt.HSFC1_colamp_a_m1,HSFC1,AT3G24520,DAPv1
1267,Homeobox_ecoli.HAT2_col_v31_m1,HAT2,AT5G47370,DAPv1
1268,Homeobox_tnt.ATHB13_col_a_m1,ATHB13,AT1G69780,DAPv1
1269,Homeobox_tnt.ATHB13_colamp_a_m1,ATHB13,AT1G69780,DAPv1
1270,Homeobox_tnt.ATHB18_col_a_m1,ATHB18,AT1G70920,DAPv1
1271,Homeobox_tnt.ATHB18_colamp_a_m1,ATHB18,AT1G70920,DAPv1
1272,Homeobox_tnt.ATHB20_col_a_m1,ATHB20,AT3G01220,DAPv1
1273,Homeobox_tnt.ATHB20_colamp_a_m1,ATHB20,AT3G01220,DAPv1
1274,Homeobox_tnt.ATHB6_col_a_m1,ATHB6,AT2G22430,DAPv1
1275,Homeobox_tnt.ATHB6_colamp_a_m1,ATHB6,AT2G22430,DAPv1
1276,Homeobox_tnt.ATHB7_col_a_m1,ATHB7,AT2G46680,DAPv1
1277,Homeobox_tnt.EDT1_col_m1,EDT1,AT1G73360,DAPv1
1278,Homeobox_tnt.HAT1_col_a_m1,HAT1,AT4G17460,DAPv1
1279,Homeobox_tnt.HAT1_colamp_a_m1,HAT1,AT4G17460,DAPv1
1280,Homeobox_tnt.HAT22_col_a_m1,HAT22,AT4G37790,DAPv1
1281,Homeobox_tnt.HAT2_colamp_a_m1,HAT2,AT4G37790,DAPv1
1282,Homeobox_tnt.HAT5_col_a_m1,HAT5,AT3G01470,DAPv1
1283,Homeobox_tnt.HAT5_colamp_a_m1,HAT5,AT3G01470,DAPv1
1284,Homeobox_tnt.HDG1_col100_a_m1,HDG1,AT3G61150,DAPv1
1285,Homeobox_tnt.HDG1_colamp_a_m1,HDG1,AT3G61150,DAPv1
1286,Homeobox_tnt.PDF2_col_m1,PDF2,AT4G04890,DAPv1
1287,Homeobox_tnt.WUS1_col_a_m1,WUS1,AT2G17950,DAPv1
1288,Homeobox_tnt.WUS1_colamp_a_m1,WUS1,AT2G17950,DAPv1
1289,LIM_tnt.WLIM2A_col_a_m1,WLIM2A,AT2G39900,DAPv1
1290,LOBAS2_tnt.AS2_col_a_m1,AS2,AT1G65620,DAPv1
1291,LOBAS2_tnt.ASL18_col_a_m1,ASL18,AT2G42430,DAPv1
1292,LOBAS2_tnt.ASL18_colamp_a_m1,ASL18,AT2G42430,DAPv1
1293,LOBAS2_tnt.LBD13_col_a_m1,LBD13,AT2G30340,DAPv1
1294,LOBAS2_tnt.LBD13_colamp_a_m1,LBD13,AT2G30340,DAPv1
1295,LOBAS2_tnt.LBD18_col_a_m1,LBD18,AT2G45420,DAPv1
1296,LOBAS2_tnt.LBD18_colamp_a_m1,LBD18,AT2G45420,DAPv1
1297,LOBAS2_tnt.LBD19_col_a_m1,LBD19,AT2G45410,DAPv1
1298,LOBAS2_tnt.LBD19_colamp_a_d1,LBD19,AT2G45410,DAPv1
1299,LOBAS2_tnt.LBD23_col_a_m1,LBD23,AT3G26620,DAPv1
1300,LOBAS2_tnt.LBD23_colamp_a_m1,LBD23,AT3G26620,DAPv1
1301,LOBAS2_tnt.LBD2_col_a_m1,LBD2,AT1G06280,DAPv1
1302,LOBAS2_tnt.LBD2_colamp_a_m1,LBD2,AT1G06280,DAPv1
1303,LOBAS2_tnt.LOB_col_a_m1,LOB,AT5G63090,DAPv1
1304,MADS_tnt.AGL13_col_b_m1,AGL13,AT3G61120,DAPv1
1305,MADS_tnt.AGL15_col_a_m1,AGL15,AT5G13790,DAPv1
1306,MADS_tnt.AGL15_colamp_a_m1,AGL15,AT5G13790,DAPv1
1307,MADS_tnt.AGL16_col_a_m1,AGL16,AT3G57230,DAPv1
1308,MADS_tnt.AGL16_colamp_a_m1,AGL16,AT3G57230,DAPv1
1309,MADS_tnt.AGL25_col_a_m1,AGL25,AT5G10140,DAPv1
1310,MADS_tnt.AGL25_colamp_a_m1,AGL25,AT5G10140,DAPv1
1311,MADS_tnt.AGL42_col_a_m1,AGL42,AT5G62165,DAPv1
1312,MADS_tnt.AGL55_col_a_m1,AGL55,AT1G60920,DAPv1
1313,MADS_tnt.AGL63_col_a_m1,AGL63,AT1G31140,DAPv1
1314,MADS_tnt.AGL6_col_a_m1,AGL6,AT2G45650,DAPv1
1315,MADS_tnt.FEM111_col_a_m1,FEM111,AT5G48670,DAPv1
1316,MADS_tnt.SVP_col_v3b_m1,SVP,AT2G22540,DAPv1
1317,MADS_tnt.SVP_colamp_v3b_m1,SVP,AT2G22540,DAPv1
1318,MYB_tnt.ATY13_col_a_m1,ATY13,AT1G74650,DAPv1
1319,MYB_tnt.ATY13_colamp_a_m1,ATY13,AT1G74650,DAPv1
1320,MYB_tnt.ATY19_col_a_m1,ATY19,AT3G23250,DAPv1
1321,MYB_tnt.BOS1_col_a_m1,BOS1,AT3G06490,DAPv1
1322,MYB_tnt.MS188_col_a_m1,MS188,AT5G56110,DAPv1
1323,MYB_tnt.MS188_colamp_a_m1,MS188,AT5G56110,DAPv1
1324,MYB_tnt.MYB101_col_a_m1,MYB101,AT2G32460,DAPv1
1325,MYB_tnt.MYB101_colamp_a_m1,MYB101,AT2G32460,DAPv1
1326,MYB_tnt.MYB105_col_a_m1,MYB105,AT1G69560,DAPv1
1327,MYB_tnt.MYB105_colamp_a_m1,MYB105,AT1G69560,DAPv1
1328,MYB_tnt.MYB107_col_a_m1,MYB107,AT3G02940,DAPv1
1329,MYB_tnt.MYB107_colamp_a_m1,MYB107,AT3G02940,DAPv1
1330,MYB_tnt.MYB10_col_a_m1,MYB10,AT3G12820,DAPv1
1331,MYB_tnt.MYB10_colamp_a_m1,MYB10,AT3G12820,DAPv1
1332,MYB_tnt.MYB113_col_a_m1,MYB113,AT1G66370,DAPv1
1333,MYB_tnt.MYB116_col_a_m1,MYB116,AT1G25340,DAPv1
1334,MYB_tnt.MYB116_colamp_a_m1,MYB116,AT1G25340,DAPv1
1335,MYB_tnt.MYB118_col_a_m1,MYB118,AT3G27785,DAPv1
1336,MYB_tnt.MYB118_colamp_a_m1,MYB118,AT3G27785,DAPv1
1337,MYB_tnt.MYB119_col_a_m1,MYB119,AT5G58850,DAPv1
1338,MYB_tnt.MYB119_colamp_a_m1,MYB119,AT5G58850,DAPv1
1339,MYB_tnt.MYB121_col_a_m1,MYB121,AT3G30210,DAPv1
1340,MYB_tnt.MYB13_col_a_m1,MYB13,AT1G06180,DAPv1
1341,MYB_tnt.MYB13_colamp_a_m1,MYB13,AT1G06180,DAPv1
1342,MYB_tnt.MYB17_colamp_a_m1,MYB17,"	AT3G61250",DAPv1
1343,MYB_tnt.MYB1_col_a_m1,MYB1,AT3G09230,DAPv1
1344,MYB_tnt.MYB23_col_a_m1,MYB23,AT5G40330,DAPv1
1345,MYB_tnt.MYB27_col_a_m1,MYB27,AT3G53200,DAPv1
1346,MYB_tnt.MYB27_colamp_a_m1,MYB27,AT3G53200,DAPv1
1347,MYB_tnt.MYB30_col_a_m1,MYB30,AT3G28910,DAPv1
1348,MYB_tnt.MYB30_colamp_a_m1,MYB30,AT3G28910,DAPv1
1349,MYB_tnt.MYB33_col_a_m1,MYB33,AT5G06100,DAPv1
1350,MYB_tnt.MYB39_col_a_m1,MYB39,AT4G17785,DAPv1
1351,MYB_tnt.MYB39_colamp_a_m1,MYB39,AT4G17785,DAPv1
1352,MYB_tnt.MYB3R1_col_a_m1,MYB3R1,AT4G32730,DAPv1
1353,MYB_tnt.MYB3R1_colamp_a_m1,MYB3R1,AT4G32730,DAPv1
1354,MYB_tnt.MYB3R4_col_a_m1,MYB3R4,AT5G11510,DAPv1
1355,MYB_tnt.MYB3R5_col_a_m1,MYB3R5,AT5G02320,DAPv1
1356,MYB_tnt.MYB40_col_a_m1,MYB40,AT5G14340,DAPv1
1357,MYB_tnt.MYB41_col_a_m1,MYB41,AT4G28110,DAPv1
1358,MYB_tnt.MYB43_col_a_m1,MYB43,AT5G16600,DAPv1
1359,MYB_tnt.MYB44_col_m1,MYB44,AT5G67300,DAPv1
1360,MYB_tnt.MYB44_colamp_a_m1,MYB44,AT5G67300,DAPv1
1361,MYB_tnt.MYB49_col_a_m1,MYB49,AT5G54230,DAPv1
1362,MYB_tnt.MYB49_colamp_a_m1,MYB49,AT5G54230,DAPv1
1363,MYB_tnt.MYB4_col200_a_m1,MYB4,AT4G38620,DAPv1
1364,MYB_tnt.MYB51_col_a_m1,MYB51,AT1G18570,DAPv1
1365,MYB_tnt.MYB52_col_a_m1,MYB52,AT1G17950,DAPv1
1366,MYB_tnt.MYB55_col_m1,MYB55,AT4G01680,DAPv1
1367,MYB_tnt.MYB55_colamp_a_m1,MYB55,AT4G01680,DAPv1
1368,MYB_tnt.MYB56_col_a_m1,MYB56,AT5G17800,DAPv1
1369,MYB_tnt.MYB56_colamp_a_m1,MYB56,AT5G17800,DAPv1
1370,MYB_tnt.MYB57_col_a_m1,MYB57,AT3G01530,DAPv1
1371,MYB_tnt.MYB57_colamp_a_d1,MYB57,AT3G01530,DAPv1
1372,MYB_tnt.MYB58_col_a_m1,MYB58,AT1G16490,DAPv1
1373,MYB_tnt.MYB58_colamp_a_m1,MYB58,AT1G16490,DAPv1
1374,MYB_tnt.MYB60_col_m1,MYB60,AT1G08810,DAPv1
1375,MYB_tnt.MYB61_col_a_m1,MYB61,AT1G09540,DAPv1
1376,MYB_tnt.MYB61_colamp_a_m1,MYB61,AT1G09540,DAPv1
1377,MYB_tnt.MYB62_col_a_m1,MYB62,AT1G68320,DAPv1
1378,MYB_tnt.MYB62_colamp_a_m1,MYB62,AT1G68320,DAPv1
1379,MYB_tnt.MYB63_col_a_m1,MYB63,AT1G79180,DAPv1
1380,MYB_tnt.MYB65_col200_a_m1,MYB65,AT3G11440,DAPv1
1381,MYB_tnt.MYB65_colamp_a_m1,MYB65,AT3G11440,DAPv1
1382,MYB_tnt.MYB67_col_a_m1,MYB67,AT3G12720,DAPv1
1383,MYB_tnt.MYB70_col_a_m1,MYB70,AT2G23290,DAPv1
1384,MYB_tnt.MYB73_col_a_m1,MYB73,AT4G37260,DAPv1
1385,MYB_tnt.MYB74_col_m1,MYB74,AT4G05100,DAPv1
1386,MYB_tnt.MYB74_colamp_a_m1,MYB74,AT4G05100,DAPv1
1387,MYB_tnt.MYB77_col_a_m1,MYB77,AT3G50060,DAPv1
1388,MYB_tnt.MYB77_colamp_a_m1,MYB77,AT3G50060,DAPv1
1389,MYB_tnt.MYB81_col_a_m1,MYB81,AT2G26960,DAPv1
1390,MYB_tnt.MYB81_colamp_a_m1,MYB81,AT2G26960,DAPv1
1391,MYB_tnt.MYB83_col_a_m1,MYB83,AT3G08500,DAPv1
1392,MYB_tnt.MYB83_colamp_a_m1,MYB83,AT3G08500,DAPv1
1393,MYB_tnt.MYB88_col_a_m1,MYB88,AT2G02820,DAPv1
1394,MYB_tnt.MYB88_colamp_a_m1,MYB88,AT2G02820,DAPv1
1395,MYB_tnt.MYB92_100ng20cy_b_m1,MYB92,AT5G10280,DAPv1
1396,MYB_tnt.MYB92_colamp_a_m1,MYB92,AT5G10280,DAPv1
1397,MYB_tnt.MYB93_col_a_m1,MYB93,AT1G34670,DAPv1
1398,MYB_tnt.MYB93_colamp_a_m1,MYB93,AT1G34670,DAPv1
1399,MYB_tnt.MYB94_col_b_m1,MYB94,AT3G47600,DAPv1
1400,MYB_tnt.MYB96_col_b_m1,MYB96,AT5G62470,DAPv1
1401,MYB_tnt.MYB96_colamp_a_m1,MYB96,AT5G62470,DAPv1
1402,MYB_tnt.MYB98_col_a_m1,MYB98,AT4G18770,DAPv1
1403,MYB_tnt.MYB99_col_a_m1,MYB99,AT5G62320,DAPv1
1404,MYB_tnt.MYB99_colamp_a_m1,MYB99,AT5G62320,DAPv1
1405,MYBrelated_tnt.AT1G18960_col_a_m1,AT1G18960,AT1G18960,DAPv1
1406,MYBrelated_tnt.AT1G72740_col_a_m1,AT1G72740,AT1G72740,DAPv1
1407,MYBrelated_tnt.AT1G72740_colamp_a_m1,AT1G72740,AT1G72740,DAPv1
1408,MYBrelated_tnt.AT3G10113_col_a_m1,AT3G10113,AT3G10113,DAPv1
1409,MYBrelated_tnt.AT3G10580_col_a_m1,AT3G10580,AT3G10580,DAPv1
1410,MYBrelated_tnt.AT3G10580_colamp_a_m1,AT3G10580,AT3G10580,DAPv1
1411,MYBrelated_tnt.AT4G12670_col_a_m1,AT4G12670,AT4G12670,DAPv1
1412,MYBrelated_tnt.AT4G12670_colamp_a_m1,AT4G12670,AT4G12670,DAPv1
1413,MYBrelated_tnt.AT5G56840_col_a_m1,AT5G56840,AT5G56840,DAPv1
1414,MYBrelated_tnt.AT5G56840_colamp_a_m1,AT5G56840,AT5G56840,DAPv1
1415,MYBrelated_tnt.AT5G61620_col_a_m1,AT5G61620,AT5G61620,DAPv1
1416,MYBrelated_tnt.AT5G61620_colamp_a_m1,AT5G61620,AT5G61620,DAPv1
1417,MYBrelated_tnt.At1g19000_col_a_m1,At1g19000,AT1G19000,DAPv1
1418,MYBrelated_tnt.At1g19000_colamp_a_m1,At1g19000,AT1G19000,DAPv1
1419,MYBrelated_tnt.At1g49010_col_a_m1,At1g49010,AT1G49010,DAPv1
1420,MYBrelated_tnt.At1g49010_colamp_a_m1,At1g49010,AT1G49010,DAPv1
1421,MYBrelated_tnt.At1g74840_col100_a_m1,At1g74840,AT1G74840,DAPv1
1422,MYBrelated_tnt.At1g74840_colamp_a_m1,At1g74840,AT1G74840,DAPv1
1423,MYBrelated_tnt.At2g38090_col_a_m1,At2g38090,AT2G38090,DAPv1
1424,MYBrelated_tnt.At3g09600_col_a_m1,At3g09600,AT3G09600,DAPv1
1425,MYBrelated_tnt.At3g09600_colamp_a_m1,At3g09600,AT3G09600,DAPv1
1426,MYBrelated_tnt.At3g11280_col_a_m1,At3g11280,AT3G11280,DAPv1
1427,MYBrelated_tnt.At3g11280_colamp_a_m1,At3g11280,AT3G11280,DAPv1
1428,MYBrelated_tnt.At4g01280_col_a_m1,At4g01280,AT4G01280,DAPv1
1429,MYBrelated_tnt.At4g01280_colamp_a_m1,At4g01280,AT4G01280,DAPv1
1430,MYBrelated_tnt.At5g05790_col_a_m1,At5g05790,AT5G05790,DAPv1
1431,MYBrelated_tnt.At5g08520_col_b_m1,At5g08520,AT5G08520,DAPv1
1432,MYBrelated_tnt.At5g08520_colamp_a_m1,At5g08520,AT5G08520,DAPv1
1433,MYBrelated_tnt.At5g47390_col_b_m1,At5g47390,AT5G47390,DAPv1
1434,MYBrelated_tnt.At5g47390_colamp_a_m1,At5g47390,AT5G47390,DAPv1
1435,MYBrelated_tnt.At5g52660_col_a_m1,At5g52660,AT5G52660,DAPv1
1436,MYBrelated_tnt.At5g52660_colamp_a_m1,At5g52660,AT5G52660,DAPv1
1437,MYBrelated_tnt.At5g58900_col_a_m1,At5g58900,AT5G58900,DAPv1
1438,MYBrelated_tnt.At5g58900_colamp_a_m1,At5g58900,AT5G58900,DAPv1
1439,MYBrelated_tnt.EPR1_col_m1,EPR1,AT1G18330,DAPv1
1440,MYBrelated_tnt.EPR1_colamp_a_m1,EPR1,AT1G18330,DAPv1
1441,MYBrelated_tnt.LCL1_col_m1,LCL1,AT5G02840,DAPv1
1442,MYBrelated_tnt.LCL1_colamp_a_m1,LCL1,AT5G02840,DAPv1
1443,MYBrelated_tnt.LHY1_col_a_m1,LHY1,AT1G01060,DAPv1
1444,MYBrelated_tnt.LHY1_colamp_a_m1,LHY1,AT1G01060,DAPv1
1445,MYBrelated_tnt.RVE1_col_a_m1,RVE1,AT5G17300,DAPv1
1446,MYBrelated_tnt.RVE1_colamp_a_m1,RVE1,AT5G17300,DAPv1
1447,MYBrelated_tnt.TBP3_col_a_m1,TBP3,AT5G67580,DAPv1
1448,MYBrelated_tnt.TBP3_colamp_a_m1,TBP3,AT5G67580,DAPv1
1449,MYBrelated_tnt.TRP1_col_m1,TRP1,AT5G59430,DAPv1
1450,MYBrelated_tnt.TRP2_col_a_m1,TRP2,AT3G46590,DAPv1
1451,MYBrelated_tnt.TRP2_colamp_a_m1,TRP2,AT3G46590,DAPv1
1452,NAC_tnt.ANAC004_col_a_m1,ANAC004,AT1G02230,DAPv1
1453,NAC_tnt.ANAC004_colamp_a_m1,ANAC004,AT1G02230,DAPv1
1454,NAC_tnt.ANAC005_col_a_m1,ANAC005,AT1G02250,DAPv1
1455,NAC_tnt.ANAC011_col_a_m1,ANAC011,AT1G32510,DAPv1
1456,NAC_tnt.ANAC013_col_a_m1,ANAC013,AT1G32870,DAPv1
1457,NAC_tnt.ANAC013_colamp_a_m1,ANAC013,AT1G32870,DAPv1
1458,NAC_tnt.ANAC016_col_a_m1,ANAC016,AT1G34180,DAPv1
1459,NAC_tnt.ANAC016_colamp_a_m1,ANAC016,AT1G34180,DAPv1
1460,NAC_tnt.ANAC017_col_m1,ANAC017,AT1G34190,DAPv1
1461,NAC_tnt.ANAC017_colamp_v31_m1,ANAC017,AT1G34190,DAPv1
1462,NAC_tnt.ANAC020_col_v31_m1,ANAC020,AT1G54330,DAPv1
1463,NAC_tnt.ANAC028_col_a_m1,ANAC028,AT1G65910,DAPv1
1464,NAC_tnt.ANAC034_col_m1,ANAC034,AT2G02450,DAPv1
1465,NAC_tnt.ANAC038_col_a_m1,ANAC038,AT2G24430,DAPv1
1466,NAC_tnt.ANAC038_colamp_a_m1,ANAC038,AT2G24430,DAPv1
1467,NAC_tnt.ANAC042_col_a_m1,ANAC042,AT2G43000,DAPv1
1468,NAC_tnt.ANAC045_col_a_m1,ANAC045,AT3G03200,DAPv1
1469,NAC_tnt.ANAC045_colamp_a_m1,ANAC045,AT3G03200,DAPv1
1470,NAC_tnt.ANAC046_col_m1,ANAC046,AT3G04060,DAPv1
1471,NAC_tnt.ANAC046_colamp_a_m1,ANAC046,AT3G04060,DAPv1
1472,NAC_tnt.ANAC047_col_m1,ANAC047,AT3G04070,DAPv1
1473,NAC_tnt.ANAC047_colamp_a_d1,ANAC047,AT3G04070,DAPv1
1474,NAC_tnt.ANAC050_col_v3a_m1,ANAC050,AT3G10480,DAPv1
1475,NAC_tnt.ANAC050_colamp_a_m1,ANAC050,AT3G10480,DAPv1
1476,NAC_tnt.ANAC053_col_m1,ANAC053,AT3G10500,DAPv1
1477,NAC_tnt.ANAC053_colamp_a_m1,ANAC053,AT3G10500,DAPv1
1478,NAC_tnt.ANAC055_col_m1,ANAC055,AT3G15500,DAPv1
1479,NAC_tnt.ANAC057_col_a_m1,ANAC057,AT3G17730,DAPv1
1480,NAC_tnt.ANAC057_colamp_a_m1,ANAC057,AT3G17730,DAPv1
1481,NAC_tnt.ANAC058_col_a_m1,ANAC058,AT3G18400,DAPv1
1482,NAC_tnt.ANAC058_colamp_a_m1,ANAC058,AT3G18400,DAPv1
1483,NAC_tnt.ANAC062_col_m1,ANAC062,AT3G49530,DAPv1
1484,NAC_tnt.ANAC062_colamp_a_m1,ANAC062,AT3G49530,DAPv1
1485,NAC_tnt.ANAC070_col_m1,ANAC070,AT4G10350,DAPv1
1486,NAC_tnt.ANAC070_colamp_a_m1,ANAC070,AT4G10350,DAPv1
1487,NAC_tnt.ANAC071_col_a_m1,ANAC071,AT4G17980,DAPv1
1488,NAC_tnt.ANAC071_colamp_a_m1,ANAC071,AT4G17980,DAPv1
1489,NAC_tnt.ANAC075_col_a_m1,ANAC075,AT4G29230,DAPv1
1490,NAC_tnt.ANAC079_col_m1,ANAC079,AT5G07680,DAPv1
1491,NAC_tnt.ANAC079_colamp_a_m1,ANAC079,AT5G07680,DAPv1
1492,NAC_tnt.ANAC083_col_v3a_m1,ANAC083,AT5G13180,DAPv1
1493,NAC_tnt.ANAC083_colamp_a_m1,ANAC083,AT5G13180,DAPv1
1494,NAC_tnt.ANAC087_col_v3a_m1,ANAC087,AT5G18270,DAPv1
1495,NAC_tnt.ANAC087_colamp_a_m1,ANAC087,AT5G18270,DAPv1
1496,NAC_tnt.ANAC092_col_v3a_m1,ANAC092,AT5G39610,DAPv1
1497,NAC_tnt.ANAC092_colamp_a_m1,ANAC092,AT5G39610,DAPv1
1498,NAC_tnt.ANAC094_col_a_m1,ANAC094,AT5G39820,DAPv1
1499,NAC_tnt.ANAC096_col_m1,ANAC096,AT5G46590,DAPv1
1500,NAC_tnt.ANAC096_colamp_a_m1,ANAC096,AT5G46590,DAPv1
1501,NAC_tnt.ANAC103_col_a_m1,ANAC103,AT5G64060,DAPv1
1502,NAC_tnt.ANAC103_colamp_a_m1,ANAC103,AT5G64060,DAPv1
1503,NAC_tnt.AT1G19040_col_a_m1,AT1G19040,AT1G19040,DAPv1
1504,NAC_tnt.AT3G12910_col_a_m1,AT3G12910,AT3G12910,DAPv1
1505,NAC_tnt.ATAF1_col_a_m1,ATAF1,AT1G01720,DAPv1
1506,NAC_tnt.ATAF1_colamp_a_d1,ATAF1,AT1G01720,DAPv1
1507,NAC_tnt.CUC1_col_v31_m1,CUC1,AT3G15170,DAPv1
1508,NAC_tnt.CUC1_colamp_a_m1,CUC1,AT3G15170,DAPv1
1509,NAC_tnt.CUC2_col_m1,CUC2,AT5G53950,DAPv1
1510,NAC_tnt.CUC2_colamp_a_m1,CUC2,AT5G53950,DAPv1
1511,NAC_tnt.CUC3_col_a_m1,CUC3,AT1G76420,DAPv1
1512,NAC_tnt.CUC3_colamp_a_m1,CUC3,AT1G76420,DAPv1
1513,NAC_tnt.NAC2_col_v3a_m1,NAC2,AT5G04410,DAPv1
1514,NAC_tnt.NAC2_colamp_a_m1,NAC2,AT5G04410,DAPv1
1515,NAC_tnt.NAM_col_v3a_m1,NAM,AT1G52880,DAPv1
1516,NAC_tnt.NAM_colamp_a_m1,NAM,AT1G52880,DAPv1
1517,NAC_tnt.NAP_col_v3a_m1,NAP,AT1G69490,DAPv1
1518,NAC_tnt.NAP_colamp_a_m1,NAP,AT1G69490,DAPv1
1519,NAC_tnt.NST1_col_v31_m1,NST1,AT2G46770,DAPv1
1520,NAC_tnt.NST1_colamp_a_m1,NST1,AT2G46770,DAPv1
1521,NAC_tnt.NTL8_col_m1,NTL8,AT2G27300,DAPv1
1522,NAC_tnt.NTM1_col_a_m1,NTM1,AT4G01540,DAPv1
1523,NAC_tnt.NTM1_colamp_a_m1,NTM1,AT4G01540,DAPv1
1524,NAC_tnt.NTM2_col_b_m1,NTM2,AT4G01550,DAPv1
1525,NAC_tnt.SMB_col_a_m1,SMB,AT1G79580,DAPv1
1526,NAC_tnt.SMB_colamp_a_m1,SMB,AT1G79580,DAPv1
1527,NAC_tnt.SND2_col_a_m1,SND2,AT4G28500,DAPv1
1528,NAC_tnt.SND2_colamp_a_m1,SND2,AT4G28500,DAPv1
1529,NAC_tnt.SND3_col_b_m1,SND3,AT1G28470,DAPv1
1530,NAC_tnt.SND3_colamp_a_m1,SND3,AT1G28470,DAPv1
1531,NAC_tnt.VND1_col_a_m1,VND1,AT2G18060,DAPv1
1532,NAC_tnt.VND2_col_a_m1,VND2,AT4G36160,DAPv1
1533,NAC_tnt.VND2_colamp_a_m1,VND2,AT4G36160,DAPv1
1534,NAC_tnt.VND3_col_m1,VND3,AT5G66300,DAPv1
1535,NAC_tnt.VND3_colamp_a_m1,VND3,AT5G66300,DAPv1
1536,NAC_tnt.VND4_col_m1,VND4,AT1G12260,DAPv1
1537,NAC_tnt.VND4_colamp_a_m1,VND4,AT1G12260,DAPv1
1538,NAC_tnt.VND6_col_v31_m1,VND6,AT5G62380,DAPv1
1539,NAC_tnt.VND6_colamp_a_m1,VND6,AT5G62380,DAPv1
1540,ND_tnt.AGL95_col_a_m1,AGL95,AT2G15660,DAPv1
1541,ND_tnt.ASHR1_col_a_m1,ASHR1,AT2G17900,DAPv1
1542,ND_tnt.AT1G63040_col_a_m1,AT1G63040,AT1G63040,DAPv1
1543,ND_tnt.AT2G28920_col_a_m1,AT2G28920,AT2G28920,DAPv1
1544,ND_tnt.FRS9_col_a_m1,FRS9,AT4G38170,DAPv1
1545,ND_tnt.FRS9_colamp_a_m1,FRS9,AT4G38170,DAPv1
1546,NLP_tnt.AtNLP4_col_b_m1,AtNLP4,AT1G20640,DAPv1
1547,Orphan_tnt.AT1G23810_col_a_m1,AT1G23810,AT1G23810,DAPv1
1548,Orphan_tnt.AT1G24250_col_a_m1,AT1G24250,AT1G24250,DAPv1
1549,Orphan_tnt.BBX31_col_a_m1,BBX31,AT3G21890,DAPv1
1550,PLATZ_tnt.AT2G01818_col_a_m1,AT2G01818,AT2G01818,DAPv1
1551,RAV_tnt.RAV1_col_m1,RAV1,AT1G13260,DAPv1
1552,RAV_tnt.RAV1_colamp_a_m1,RAV1,AT1G13260,DAPv1
1553,REMB3_tnt.AT2G31460_col_a_m1,AT2G31460,AT2G31460,DAPv1
1554,REM_tnt.REM19_col_a_m1,REM19,AT1G49480,DAPv1
1555,REM_tnt.REM19_colamp_a_m1,REM19,AT1G49480,DAPv1
1556,RWPRK_tnt.NLP7_col_a_m1,NLP7,AT4G24020,DAPv1
1557,RWPRK_tnt.RKD2_col_a_m1,RKD2,AT1G74480,DAPv1
1558,RWPRK_tnt.RKD2_colamp_a_m1,RKD2,AT1G74480,DAPv1
1559,S1Falike_tnt.AT3G09735_col_a_m1,AT3G09735,AT3G09735,DAPv1
1560,SBP_tnt.SPL11_col100_a_m1,SPL11,AT1G27360,DAPv1
1561,SBP_tnt.SPL13_col_a_m1,SPL13,AT5G50670,DAPv1
1562,SBP_tnt.SPL14_col_a_m1,SPL14,AT1G20980,DAPv1
1563,SBP_tnt.SPL15_col_a_m1,SPL15,AT3G57920,DAPv1
1564,SBP_tnt.SPL15_colamp_a_m1,SPL15,AT3G57920,DAPv1
1565,SBP_tnt.SPL1_col_a_m1,SPL1,AT2G47070,DAPv1
1566,SBP_tnt.SPL1_colamp_a_m1,SPL1,AT2G47070,DAPv1
1567,SBP_tnt.SPL3_col_a_m1,SPL3,AT2G33810,DAPv1
1568,SBP_tnt.SPL3_colamp_a_m1,SPL3,AT2G33810,DAPv1
1569,SBP_tnt.SPL5_col_a_m1,SPL5,AT3G15270,DAPv1
1570,SBP_tnt.SPL5_colamp_a_m1,SPL5,AT3G15270,DAPv1
1571,SBP_tnt.SPL9_col_a_m1,SPL9,AT2G42200,DAPv1
1572,SBP_tnt.SPL9_colamp_a_m1,SPL9,AT2G42200,DAPv1
1573,SRS_tnt.SRS7_col_a_m1,SRS7,AT1G19790,DAPv1
1574,SRS_tnt.SRS7_colamp_a_m1,SRS7,AT1G19790,DAPv1
1575,TCP_tnt.At1g69690_col_a_m1,At1g69690,AT1G69690,DAPv1
1576,TCP_tnt.At1g69690_colamp_a_m1,At1g69690,AT1G69690,DAPv1
1577,TCP_tnt.At1g72010_col_m1,At1g72010,AT1G72010,DAPv1
1578,TCP_tnt.At1g72010_colamp_a_m1,At1g72010,AT1G72010,DAPv1
1579,TCP_tnt.At2g45680_col_b_m1,At2g45680,AT2G45680,DAPv1
1580,TCP_tnt.At2g45680_colamp_a_m1,At2g45680,AT2G45680,DAPv1
1581,TCP_tnt.At5g08330_col_a_m1,At5g08330,AT5G08330,DAPv1
1582,TCP_tnt.At5g08330_colamp_a_m1,At5g08330,AT5G08330,DAPv1
1583,TCP_tnt.PTF1_col_a_m1,PTF1,AT3G02150,DAPv1
1584,TCP_tnt.PTF1_colamp_a_m1,PTF1,AT3G02150,DAPv1
1585,TCP_tnt.TCP14_col_b_m1,TCP14,AT3G47620,DAPv1
1586,TCP_tnt.TCP16_col_a_m1,TCP16,AT3G45150,DAPv1
1587,TCP_tnt.TCP16_colamp_a_m1,TCP16,AT3G45150,DAPv1
1588,TCP_tnt.TCP17_col_a_m1,TCP17,AT5G08070,DAPv1
1589,TCP_tnt.TCP17_colamp_a_m1,TCP17,AT5G08070,DAPv1
1590,TCP_tnt.TCP1_col_a_m1,TCP1,AT1G67260,DAPv1
1591,TCP_tnt.TCP20_col_a_m1,TCP20,AT3G27010,DAPv1
1592,TCP_tnt.TCP20_colamp_a_m1,TCP20,AT3G27010,DAPv1
1593,TCP_tnt.TCP24_col_m1,TCP24,AT1G30210,DAPv1
1594,TCP_tnt.TCP24_colamp_a_m1,TCP24,AT1G30210,DAPv1
1595,TCP_tnt.TCP3_col_m1,TCP3,AT1G53230,DAPv1
1596,TCP_tnt.TCP3_colamp_a_m1,TCP3,AT1G53230,DAPv1
1597,TCP_tnt.TCP7_col_a_m1,TCP7,AT5G23280,DAPv1
1598,Trihelix_tnt.AT1G76870_col_b_m1,AT1G76870,AT1G76870,DAPv1
1599,Trihelix_tnt.AT1G76880_col_a_m1,AT1G76880,AT1G76880,DAPv1
1600,Trihelix_tnt.AT2G33550_col_a_m1,AT2G33550,AT2G33550,DAPv1
1601,Trihelix_tnt.AT2G33550_colamp_a_m1,AT2G33550,AT2G33550,DAPv1
1602,Trihelix_tnt.AT3G10030_col_a_m1,AT3G10030,AT3G10030,DAPv1
1603,Trihelix_tnt.AT3G10030_colamp_a_m1,AT3G10030,AT3G10030,DAPv1
1604,Trihelix_tnt.AT3G25990_col_a_m1,AT3G25990,AT3G25990,DAPv1
1605,Trihelix_tnt.AT3G25990_colamp_a_m1,AT3G25990,AT3G25990,DAPv1
1606,Trihelix_tnt.AT3G58630_col_a_m1,AT3G58630,AT3G58630,DAPv1
1607,Trihelix_tnt.AT3G58630_colamp_a_m1,AT3G58630,AT3G58630,DAPv1
1608,Trihelix_tnt.AT5G05550_col_a_m1,AT5G05550,AT5G05550,DAPv1
1609,Trihelix_tnt.AT5G05550_colamp_a_m1,AT5G05550,AT5G05550,DAPv1
1610,Trihelix_tnt.AT5G47660_col_a_m1,AT5G47660,AT5G47660,DAPv1
1611,Trihelix_tnt.AT5G47660_colamp_a_m1,AT5G47660,AT5G47660,DAPv1
1612,Trihelix_tnt.At3g14180_col_m1,At3g14180,AT3G14180,DAPv1
1613,Trihelix_tnt.GT1_col_a_m1,GT1,AT1G13450,DAPv1
1614,Trihelix_tnt.GT2_col_a_m1,GT2,AT1G76890,DAPv1
1615,Trihelix_tnt.GT2_colamp_a_m1,GT2,AT1G76890,DAPv1
1616,Trihelix_tnt.GT3a_col_a_m1,GT3a,AT5G01380,DAPv1
1617,Trihelix_tnt.GTL1_col_a_m1,GTL1,AT1G33240,DAPv1
1618,Trihelix_tnt.GTL1_colamp_a_m1,GTL1,AT1G33240,DAPv1
1619,WRKY_tnt.WRKY11_col_a_m1,WRKY11,AT4G31550,DAPv1
1620,WRKY_tnt.WRKY14_col_a_m1,WRKY14,AT1G30650,DAPv1
1621,WRKY_tnt.WRKY14_colamp_a_m1,WRKY14,AT1G30650,DAPv1
1622,WRKY_tnt.WRKY15_col_b_m1,WRKY15,AT2G23320,DAPv1
1623,WRKY_tnt.WRKY15_colamp_a_m1,WRKY15,AT2G23320,DAPv1
1624,WRKY_tnt.WRKY17_col_a_m1,WRKY17,AT2G24570,DAPv1
1625,WRKY_tnt.WRKY17_colamp_a_m1,WRKY17,AT2G24570,DAPv1
1626,WRKY_tnt.WRKY18_col_a_m1,WRKY18,AT4G31800,DAPv1
1627,WRKY_tnt.WRKY18_colamp_a_m1,WRKY18,AT4G31800,DAPv1
1628,WRKY_tnt.WRKY20_col_a_m1,WRKY20,AT4G26640,DAPv1
1629,WRKY_tnt.WRKY21_col_m1,WRKY21,AT2G30590,DAPv1
1630,WRKY_tnt.WRKY21_colamp_a_m1,WRKY21,AT2G30590,DAPv1
1631,WRKY_tnt.WRKY22_col_m1,WRKY22,AT4G01250,DAPv1
1632,WRKY_tnt.WRKY22_colamp_a_m1,WRKY22,AT4G01250,DAPv1
1633,WRKY_tnt.WRKY24_col_a_m1,WRKY24,AT5G41570,DAPv1
1634,WRKY_tnt.WRKY24_colamp_a_m1,WRKY24,AT5G41570,DAPv1
1635,WRKY_tnt.WRKY25_col_a_m1,WRKY25,AT2G30250,DAPv1
1636,WRKY_tnt.WRKY25_colamp_a_m1,WRKY25,AT2G30250,DAPv1
1637,WRKY_tnt.WRKY26_col_a_m1,WRKY26,AT5G07100,DAPv1
1638,WRKY_tnt.WRKY26_colamp_a_m1,WRKY26,AT5G07100,DAPv1
1639,WRKY_tnt.WRKY27_col_a_m1,WRKY27,AT5G52830,DAPv1
1640,WRKY_tnt.WRKY27_colamp_a_m1,WRKY27,AT5G52830,DAPv1
1641,WRKY_tnt.WRKY28_col_a_m1,WRKY28,AT4G18170,DAPv1
1642,WRKY_tnt.WRKY28_colamp_a_m1,WRKY28,AT4G18170,DAPv1
1643,WRKY_tnt.WRKY29_col_a_m1,WRKY29,AT4G23550,DAPv1
1644,WRKY_tnt.WRKY29_colamp_a_m1,WRKY29,AT4G23550,DAPv1
1645,WRKY_tnt.WRKY30_col_a_m1,WRKY30,AT5G24110,DAPv1
1646,WRKY_tnt.WRKY30_colamp_a_m1,WRKY30,AT5G24110,DAPv1
1647,WRKY_tnt.WRKY31_col_a_m1,WRKY31,AT4G22070,DAPv1
1648,WRKY_tnt.WRKY31_colamp_a_m1,WRKY31,AT4G22070,DAPv1
1649,WRKY_tnt.WRKY33_col_a_m1,WRKY33,AT2G38470,DAPv1
1650,WRKY_tnt.WRKY3_col_a_m1,WRKY3,AT2G03340,DAPv1
1651,WRKY_tnt.WRKY40_col_m1,WRKY40,AT1G80840,DAPv1
1652,WRKY_tnt.WRKY40_colamp_a_m1,WRKY40,AT1G80840,DAPv1
1653,WRKY_tnt.WRKY42_col_a_m1,WRKY42,AT4G04450,DAPv1
1654,WRKY_tnt.WRKY42_colamp_a_m1,WRKY42,AT4G04450,DAPv1
1655,WRKY_tnt.WRKY43_col_a_m1,WRKY43,AT2G46130,DAPv1
1656,WRKY_tnt.WRKY43_colamp_a_m1,WRKY43,AT2G46130,DAPv1
1657,WRKY_tnt.WRKY45_col_a_m1,WRKY45,AT3G01970,DAPv1
1658,WRKY_tnt.WRKY45_colamp_a_m1,WRKY45,AT3G01970,DAPv1
1659,WRKY_tnt.WRKY46_col_a_m1,WRKY46,AT2G46400,DAPv1
1660,WRKY_tnt.WRKY46_colamp_a_m1,WRKY46,AT2G46400,DAPv1
1661,WRKY_tnt.WRKY47_col_a_m1,WRKY47,AT4G01720,DAPv1
1662,WRKY_tnt.WRKY47_colamp_a_m1,WRKY47,AT4G01720,DAPv1
1663,WRKY_tnt.WRKY50_col_a_m1,WRKY50,AT5G26170,DAPv1
1664,WRKY_tnt.WRKY50_colamp_a_m1,WRKY50,AT5G26170,DAPv1
1665,WRKY_tnt.WRKY55_col_a_m1,WRKY55,AT2G40740,DAPv1
1666,WRKY_tnt.WRKY59_col_a_m1,WRKY59,AT2G21900,DAPv1
1667,WRKY_tnt.WRKY65_col_a_m1,WRKY65,AT1G29280,DAPv1
1668,WRKY_tnt.WRKY65_colamp_a_m1,WRKY65,AT1G29280,DAPv1
1669,WRKY_tnt.WRKY6_col_a_m1,WRKY6,AT1G62300,DAPv1
1670,WRKY_tnt.WRKY6_colamp_a_m1,WRKY6,AT1G62300,DAPv1
1671,WRKY_tnt.WRKY70_col_m1,WRKY70,AT3G56400,DAPv1
1672,WRKY_tnt.WRKY71_col_a_m1,WRKY71,AT1G29860,DAPv1
1673,WRKY_tnt.WRKY75_col_a_m1,WRKY75,AT5G13080,DAPv1
1674,WRKY_tnt.WRKY75_colamp_a_m1,WRKY75,AT5G13080,DAPv1
1675,WRKY_tnt.WRKY7_col_m1,WRKY7,AT4G24240,DAPv1
1676,WRKY_tnt.WRKY7_colamp_a_m1,WRKY7,AT4G24240,DAPv1
1677,WRKY_tnt.WRKY8_col_m1,WRKY8,AT5G46350,DAPv1
1678,WRKY_tnt.WRKY8_colamp_a_m1,WRKY8,AT5G46350,DAPv1
1679,ZFHD_tnt.ATHB23_col_b_m1,ATHB23,AT5G39760,DAPv1
1680,ZFHD_tnt.ATHB23_colamp_a_m1,ATHB23,AT5G39760,DAPv1
1681,ZFHD_tnt.ATHB24_col_a_m1,ATHB24,AT2G18350,DAPv1
1682,ZFHD_tnt.ATHB24_colamp_a_m1,ATHB24,AT2G18350,DAPv1
1683,ZFHD_tnt.ATHB25_col_a_m1,ATHB25,AT5G65410,DAPv1
1684,ZFHD_tnt.ATHB25_colamp_a_m1,ATHB25,AT5G65410,DAPv1
1685,ZFHD_tnt.ATHB33_col_a_m1,ATHB33,AT1G75240,DAPv1
1686,ZFHD_tnt.ATHB33_colamp_a_m1,ATHB33,AT1G75240,DAPv1
1687,ZFHD_tnt.ATHB34_col_a_m1,ATHB34,AT3G28920,DAPv1
1688,ZFHD_tnt.ATHB34_colamp_a_m1,ATHB34,AT3G28920,DAPv1
1689,ZFHD_tnt.AtHB32_col200_a_m1,AtHB32,AT1G14687,DAPv1
1690,bHLH_tnt.BIM1_col_a_m1,BIM1,AT5G08130,DAPv1
1691,bHLH_tnt.BIM1_colamp_a_m1,BIM1,AT5G08130,DAPv1
1692,bHLH_tnt.BIM2_col_v3b_m1,BIM2,AT1G69010,DAPv1
1693,bHLH_tnt.BIM2_colamp_m1,BIM2,AT1G69010,DAPv1
1694,bHLH_tnt.BIM3_col_a_m1,BIM3,AT5G38860,DAPv1
1695,bHLH_tnt.PIF7_col_a_m1,PIF7,AT5G61270,DAPv1
1696,bHLH_tnt.bHLH104_col_b_m1,bHLH104,AT4G14410,DAPv1
1697,bHLH_tnt.bHLH10_col_a_m1,bHLH10,AT2G31220,DAPv1
1698,bHLH_tnt.bHLH10_colamp_a_m1,bHLH10,AT2G31220,DAPv1
1699,bHLH_tnt.bHLH122_col100_a_m1,bHLH122,AT1G51140,DAPv1
1700,bHLH_tnt.bHLH122_colamp_a_m1,bHLH122,AT1G51140,DAPv1
1701,bHLH_tnt.bHLH130_col_a_m1,bHLH130,AT2G42280,DAPv1
1702,bHLH_tnt.bHLH157_col_a_m1,bHLH157,AT1G64625,DAPv1
1703,bHLH_tnt.bHLH18_col_a_m1,bHLH18,AT2G22750,DAPv1
1704,bHLH_tnt.bHLH28_col_a_m1,bHLH28,AT5G46830,DAPv1
1705,bHLH_tnt.bHLH31_col_m1,bHLH31,AT1G59640,DAPv1
1706,bHLH_tnt.bHLH34_col_m1,bHLH34,AT3G23210,DAPv1
1707,bHLH_tnt.bHLH34_colamp_a_m1,bHLH34,AT3G23210,DAPv1
1708,bHLH_tnt.bHLH64_col_a_m1,bHLH64,AT2G18300,DAPv1
1709,bHLH_tnt.bHLH69_col_a_m1,bHLH69,AT4G30980,DAPv1
1710,bHLH_tnt.bHLH74_col_a_m1,bHLH74,AT1G10120,DAPv1
1711,bHLH_tnt.bHLH74_colamp_a_m1,bHLH74,AT1G10120,DAPv1
1712,bHLH_tnt.bHLH77_col_a_m1,bHLH77,AT3G23690,DAPv1
1713,bHLH_tnt.bHLH80_col_a_m1,bHLH80,AT1G35460,DAPv1
1714,bHLH_tnt.bHLH80_colamp_a_m1,bHLH80,AT1G35460,DAPv1
1715,bZIP_tnt.ABF2_col_v3a_m1,ABF2,AT1G45249,DAPv1
1716,bZIP_tnt.ABI5_col_v3h_m1,ABI5,AT2G36270,DAPv1
1717,bZIP_tnt.ABI5_colamp_v3b_m1,ABI5,AT2G36270,DAPv1
1718,bZIP_tnt.AREB3_col_v31_m1,AREB3,AT3G56850,DAPv1
1719,bZIP_tnt.AREB3_colamp_a_m1,AREB3,AT3G56850,DAPv1
1720,bZIP_tnt.GBF3_col_m1,GBF3,AT2G46270,DAPv1
1721,bZIP_tnt.GBF3_colamp_m1,GBF3,AT2G46270,DAPv1
1722,bZIP_tnt.GBF5_col_v3a_m1,GBF5,AT2G18160,DAPv1
1723,bZIP_tnt.GBF5_colamp_a_m1,GBF5,AT2G18160,DAPv1
1724,bZIP_tnt.GBF6_col_m1,GBF6,AT4G34590,DAPv1
1725,bZIP_tnt.GBF6_colamp_a_m1,GBF6,AT4G34590,DAPv1
1726,bZIP_tnt.HY5_colamp_v3a_m1,HY5,AT5G11260,DAPv1
1727,bZIP_tnt.TGA10_col_a_m1,TGA10,AT5G06839,DAPv1
1728,bZIP_tnt.TGA10_colamp_a_m1,TGA10,AT5G06839,DAPv1
1729,bZIP_tnt.TGA1_col_m1,TGA1,AT5G65210,DAPv1
1730,bZIP_tnt.TGA1_colamp_a_m1,TGA1,AT5G65210,DAPv1
1731,bZIP_tnt.TGA2_col_m1,TGA2,AT5G06950,DAPv1
1732,bZIP_tnt.TGA2_colamp_v31_m1,TGA2,AT5G06950,DAPv1
1733,bZIP_tnt.TGA3_col_m1,TGA3,AT1G22070,DAPv1
1734,bZIP_tnt.TGA3_colamp_a_m1,TGA3,AT1G22070,DAPv1
1735,bZIP_tnt.TGA4_col_a_m1,TGA4,AT5G10030,DAPv1
1736,bZIP_tnt.TGA4_colamp_a_m1,TGA4,AT5G10030,DAPv1
1737,bZIP_tnt.TGA5_col_v3a_m1,TGA5,AT5G06960,DAPv1
1738,bZIP_tnt.TGA6_col_a_m1,TGA6,AT3G12250,DAPv1
1739,bZIP_tnt.TGA6_colamp_a_m1,TGA6,AT3G12250,DAPv1
1740,bZIP_tnt.TGA9_col_a_m1,TGA9,AT1G08320,DAPv1
1741,bZIP_tnt.TGA9_colamp_a_m1,TGA9,AT1G08320,DAPv1
1742,bZIP_tnt.VIP1_col_v3a_m1,VIP1,AT1G43700,DAPv1
1743,bZIP_tnt.VIP1_colamp_a_m1,VIP1,AT1G43700,DAPv1
1744,bZIP_tnt.bZIP16_col_v3a_m1,bZIP16,AT2G35530,DAPv1
1745,bZIP_tnt.bZIP16_colamp_a_m1,bZIP16,AT2G35530,DAPv1
1746,bZIP_tnt.bZIP18_col_v31_m1,bZIP18,AT2G40620,DAPv1
1747,bZIP_tnt.bZIP18_colamp_a_m1,bZIP18,AT2G40620,DAPv1
1748,bZIP_tnt.bZIP28_col_a_m1,bZIP28,AT3G10800,DAPv1
1749,bZIP_tnt.bZIP3_col_a_m1,bZIP3,AT5G15830,DAPv1
1750,bZIP_tnt.bZIP42_col_a_m1,bZIP42,AT3G30530,DAPv1
1751,bZIP_tnt.bZIP42_colamp_a_m1,bZIP42,AT3G30530,DAPv1
1752,bZIP_tnt.bZIP43_col_a_m1,bZIP43,AT5G38800,DAPv1
1753,bZIP_tnt.bZIP44_col_m1,bZIP44,AT1G75390,DAPv1
1754,bZIP_tnt.bZIP44_colamp_a_m1,bZIP44,AT1G75390,DAPv1
1755,bZIP_tnt.bZIP48_col_a_m1,bZIP48,AT2G04038,DAPv1
1756,bZIP_tnt.bZIP48_colamp_a_m1,bZIP48,AT2G04038,DAPv1
1757,bZIP_tnt.bZIP50_col_v31_m1,bZIP50,AT1G77920,DAPv1
1758,bZIP_tnt.bZIP50_colamp_v31_m1,bZIP50,AT1G77920,DAPv1
1759,bZIP_tnt.bZIP52_col_v31_m1,bZIP52,AT1G06850,DAPv1
1760,bZIP_tnt.bZIP52_colamp_a_m1,bZIP52,AT1G06850,DAPv1
1761,bZIP_tnt.bZIP53_col_m1,bZIP53,AT3G62420,DAPv1
1762,bZIP_tnt.bZIP53_colamp_a_m1,bZIP53,AT3G62420,DAPv1
1763,bZIP_tnt.bZIP68_col_a_m1,bZIP68,AT1G32150,DAPv1
1764,bZIP_tnt.bZIP69_col_a_m1,bZIP69,AT1G06070,DAPv1
1765,bZIP_tnt.bZIP69_colamp_a_m1,bZIP69,AT1G06070,DAPv1
1766,mTERF_tnt.AT5G23930_col_a_m1,AT5G23930,AT5G23930,DAPv1
1767,zfGRF_tnt.AT3G42860_col_a_m1,AT3G42860,AT3G42860,DAPv1
1768,MA0001.2,AGL3,AT2G03710,JASPAR2016
1769,MA0005.2,AG,AT4G18960,JASPAR2016
1770,MA0008.2,HAT5,AT3G01470,JASPAR2016
1771,MA0110.2,ATHB-5,AT5G65310,JASPAR2016
1772,MA0121.1,ARR10,AT4G31920,JASPAR2016
1773,MA0548.1,AGL15,AT5G13790,JASPAR2016
1774,MA0549.1,BZR2,AT1G19350,JASPAR2016
1775,MA0550.1,BZR1,AT1G75080,JASPAR2016
1776,MA0551.1,HY5,AT5G11260,JASPAR2016
1777,MA0552.1,PIF1,AT2G20180,JASPAR2016
1778,MA0553.1,SMZ,AT3G54990,JASPAR2016
1779,MA0554.1,SOC1,AT2G45660,JASPAR2016
1780,MA0555.1,SVP,AT2G22540,JASPAR2016
1781,MA0556.1,AP3,AT3G54340,JASPAR2016
1782,MA0557.1,FHY3,AT3G22170,JASPAR2016
1783,MA0558.1,FLC,AT5G10140,JASPAR2016
1784,MA0559.1,PI,AT5G20240,JASPAR2016
1785,MA0560.1,PIF3,AT1G09530,JASPAR2016
1786,MA0561.1,PIF4,AT2G43010,JASPAR2016
1787,MA0562.1,PIF5,AT3G59060,JASPAR2016
1788,MA0563.1,3-Sep,AT1G24260,JASPAR2016
1789,MA0564.1,ABI3,AT3G24650,JASPAR2016
1790,MA0565.1,FUS3,AT3G26790,JASPAR2016
1791,MA0566.1,MYC2,AT1G32640,JASPAR2016
1792,MA0567.1,ERF1B,AT3G23240,JASPAR2016
1793,MA0568.1,MYC3,AT5G46760,JASPAR2016
1794,MA0569.1,MYC4,AT4G17880,JASPAR2016
1795,MA0570.1,ABF1,AT1G49720,JASPAR2016
1796,MA0571.1,ANT,AT4G37750,JASPAR2016
1797,MA0573.1,ATHB-9,AT1G30490,JASPAR2016
1798,MA0574.1,MYB15,AT3G23250,JASPAR2016
1799,MA0575.1,F3A4.140,AT3G50060,JASPAR2016
1800,MA0576.1,RAX3,AT3G49690,JASPAR2016
1801,MA0577.1,SPL3,AT2G33810,JASPAR2016
1802,MA0578.1,SPL8,AT1G02065,JASPAR2016
1803,MA0579.1,CDC5,AT1G09770,JASPAR2016
1804,MA0580.1,DYT1,AT4G21330,JASPAR2016
1805,MA0581.1,LEC2,AT1G28300,JASPAR2016
1806,MA0582.1,RAV1,AT1G13260,JASPAR2016
1807,MA0583.1,RAV1(var.2),AT1G13260,JASPAR2016
1808,MA0584.1,1-Sep,AT5G15800,JASPAR2016
1809,MA0585.1,AGL1,AT3G58780,JASPAR2016
1810,MA0586.1,SPL14,AT1G20980,JASPAR2016
1811,MA0587.1,TCP16,AT3G45150,JASPAR2016
1812,MA0588.1,TGA1,AT5G65210,JASPAR2016
1813,MA0589.1,ZAP1,AT2G04880,JASPAR2016
1814,MA0590.1,LFY,AT5G61850,JASPAR2016
1815,MA0930.1,ABF3,AT4G34000,JASPAR2016
1816,MA0931.1,ABI5,AT2G36270,JASPAR2016
1817,MA0932.1,AHL12,AT1G63480,JASPAR2016
1818,MA0933.1,AHL20,AT4G14465,JASPAR2016
1819,MA0934.1,AHL25,AT4G35390,JASPAR2016
1820,MA0935.1,NAC025,AT1G61110,JASPAR2016
1821,MA0936.1,T11I18.17,AT3G04060,JASPAR2016
1822,MA0937.1,NAC055,AT3G15500,JASPAR2016
1823,MA0938.1,NAC058,AT3G18400,JASPAR2016
1824,MA0939.1,NAC080,AT5G07680,JASPAR2016
1825,MA0940.1,AP1,AT1G69120,JASPAR2016
1826,MA0941.1,ABF2,AT1G45249,JASPAR2016
1827,MA0942.1,ARF1,AT1G59750,JASPAR2016
1828,MA0943.1,ARF5,AT1G19850,JASPAR2016
1829,MA0944.1,ARF8,AT5G37020,JASPAR2016
1830,MA0945.1,ARR1,AT3G16857,JASPAR2016
1831,MA0946.1,ARR11,AT1G67710,JASPAR2016
1832,MA0947.1,ARR14,AT2G01760,JASPAR2016
1833,MA0948.1,ARR18,AT5G58080,JASPAR2016
1834,MA0949.1,ARR2,AT4G16110,JASPAR2016
1835,MA0950.1,ATHB-12,AT3G61890,JASPAR2016
1836,MA0951.1,ATHB-16,AT4G40060,JASPAR2016
1837,MA0952.1,ATHB-51,AT5G03790,JASPAR2016
1838,MA0953.1,ATHB-6,AT2G22430,JASPAR2016
1839,MA0954.1,ATHB-7,AT2G46680,JASPAR2016
1840,MA0956.1,BEE2,AT4G36540,JASPAR2016
1841,MA0957.1,BHLH3,AT4G16430,JASPAR2016
1842,MA0958.1,BHLH13,AT1G01260,JASPAR2016
1843,MA0959.1,AIB,AT2G46510,JASPAR2016
1844,MA0960.1,BHLH104,AT4G14410,JASPAR2016
1845,MA0961.1,BHLH112,AT1G61660,JASPAR2016
1846,MA0962.1,BHLH34,AT3G23210,JASPAR2016
1847,MA0963.1,BHLH78,AT5G48560,JASPAR2016
1848,MA0964.1,BIM1,AT5G08130,JASPAR2016
1849,MA0965.1,BIM2,AT1G69010,JASPAR2016
1850,MA0966.1,BIM3,AT5G38860,JASPAR2016
1851,MA0967.1,BZIP60,AT1G42990,JASPAR2016
1852,MA0968.1,bZIP68,AT1G32150,JASPAR2016
1853,MA0969.1,CMTA2,AT5G64220,JASPAR2016
1854,MA0970.1,CMTA3,AT2G22300,JASPAR2016
1855,MA0971.1,DREB1A,AT4G25480,JASPAR2016
1856,MA0972.1,CCA1,AT2G46830,JASPAR2016
1857,MA0973.1,CDF2,AT5G39660,JASPAR2016
1858,MA0974.1,CDF3,AT3G47500,JASPAR2016
1859,MA0975.1,CRF2,AT4G23750,JASPAR2016
1860,MA0976.1,CRF4,AT4G27950,JASPAR2016
1861,MA0977.1,DOF2.5,AT2G46590,JASPAR2016
1862,MA0978.1,DREB1E,AT1G63030,JASPAR2016
1863,MA0979.1,ERF008,AT2G23340,JASPAR2016
1864,MA0980.1,RAP2-10,AT4G36900,JASPAR2016
1865,MA0981.1,DOF1.8,AT1G64620,JASPAR2016
1866,MA0982.1,DOF2.4,AT2G37590,JASPAR2016
1867,MA0983.1,DOF5.6,AT5G62940,JASPAR2016
1868,MA0984.1,DOF5.7,AT5G65590,JASPAR2016
1869,MA0985.1,DRE1C,AT4G25470,JASPAR2016
1870,MA0986.1,DREB2C,AT2G40340,JASPAR2016
1871,MA0990.1,EDT1,AT1G73360,JASPAR2016
1872,MA0992.1,ERF4,AT3G15210,JASPAR2016
1873,MA0993.1,ERF7,AT3G20310,JASPAR2016
1874,MA0994.1,ERF8,AT1G53170,JASPAR2016
1875,MA0995.1,ERF039,AT4G16750,JASPAR2016
1876,MA0996.1,ERF043,AT4G32800,JASPAR2016
1877,MA0997.1,ERF069,AT1G22985,JASPAR2016
1878,MA0998.1,ERF096,AT5G43410,JASPAR2016
1879,MA0999.1,ERF098,AT3G23230,JASPAR2016
1880,MA1000.1,ERF105,AT5G51190,JASPAR2016
1881,MA1001.1,ERF11,AT1G28370,JASPAR2016
1882,MA1002.1,ERF112,AT2G33710,JASPAR2016
1883,MA1004.1,ERF13,AT2G44840,JASPAR2016
1884,MA1005.1,ERF3,AT1G50640,JASPAR2016
1885,MA1006.1,ERF6,AT4G17490,JASPAR2016
1886,MA1009.1,ARF3,AT2G33860,JASPAR2016
1887,MA1012.1,AGL27,AT1G77080,JASPAR2016
1888,MA1013.1,GATA10,AT1G08000,JASPAR2016
1889,MA1014.1,GATA11,AT1G08010,JASPAR2016
1890,MA1015.1,GATA12,AT5G25830,JASPAR2016
1891,MA1016.1,GATA15,AT3G06740,JASPAR2016
1892,MA1017.1,GATA8,AT3G54810,JASPAR2016
1893,MA1018.1,GATA9,AT4G32890,JASPAR2016
1894,MA1020.1,GT-1,AT1G13450,JASPAR2016
1895,MA1024.1,HAT1,AT4G17460,JASPAR2016
1896,MA1025.1,HBI1,AT2G18300,JASPAR2016
1897,MA1026.1,ATHB-15,AT1G52150,JASPAR2016
1898,MA1027.1,KAN1,AT5G16560,JASPAR2016
1899,MA1028.1,KAN4,AT5G42630,JASPAR2016
1900,MA1035.1,TCP4,AT3G15030,JASPAR2016
1901,MA1036.1,MYB111,AT5G49330,JASPAR2016
1902,MA1037.1,MYB24,AT5G40350,JASPAR2016
1903,MA1038.1,MYB3,AT1G22640,JASPAR2016
1904,MA1039.1,MYB4,AT4G38620,JASPAR2016
1905,MA1040.1,MYB46,AT5G12870,JASPAR2016
1906,MA1041.1,MYB55,AT4G01680,JASPAR2016
1907,MA1042.1,MYB59,AT5G59780,JASPAR2016
1908,MA1043.1,NAC083,AT5G13180,JASPAR2016
1909,MA1044.1,NAC92,AT5G39610,JASPAR2016
1910,MA1045.1,NAC043,AT2G46770,JASPAR2016
1911,MA1046.1,NTL9,AT4G35580,JASPAR2016
1912,MA1047.1,TGA5,AT5G06960,JASPAR2016
1913,MA1048.1,ERF018,AT1G74930,JASPAR2016
1914,MA1049.1,ERF094,AT1G06160,JASPAR2016
1915,MA1051.1,RAP2-3,AT3G16770,JASPAR2016
1916,MA1052.1,RAP2-6,AT1G43160,JASPAR2016
1917,MA1053.1,ERF109,AT4G34410,JASPAR2016
1918,MA1055.1,SPL1,AT2G47070,JASPAR2016
1919,MA1056.1,SPL11,AT1G27360,JASPAR2016
1920,MA1057.1,SPL12,AT3G60030,JASPAR2016
1921,MA1058.1,SPL4,AT1G53160,JASPAR2016
1922,MA1059.1,SPL5,AT3G15270,JASPAR2016
1923,MA1060.1,SPL7,AT5G18830,JASPAR2016
1924,MA1061.1,SPT,AT4G36930,JASPAR2016
1925,MA1062.1,TCP15,AT1G69690,JASPAR2016
1926,MA1063.1,TCP19,AT5G51910,JASPAR2016
1927,MA1064.1,TCP2,AT4G18390,JASPAR2016
1928,MA1065.1,TCP20,AT3G27010,JASPAR2016
1929,MA1066.1,TCP23,AT1G35560,JASPAR2016
1930,MA1067.1,TCP5,AT5G60970,JASPAR2016
1931,MA1068.1,TGA2,AT5G06950,JASPAR2016
1932,MA1069.1,TGA6,AT3G12250,JASPAR2016
1933,MA1070.1,TGA7,AT1G77920,JASPAR2016
1934,MA1071.1,DOF5.3,AT5G60200,JASPAR2016
1935,MA1073.1,TRB2,AT5G67580,JASPAR2016
1936,MA1074.1,UNE10,AT4G00050,JASPAR2016
1937,MA1075.1,WRKY12,AT2G44745,JASPAR2016
1938,MA1076.1,WRKY15,AT2G23320,JASPAR2016
1939,MA1077.1,WRKY18,AT4G31800,JASPAR2016
1940,MA1078.1,WRKY2,AT5G56270,JASPAR2016
1941,MA1079.1,WRKY21,AT2G30590,JASPAR2016
1942,MA1080.1,WRKY23,AT2G47260,JASPAR2016
1943,MA1081.1,WRKY25,AT2G30250,JASPAR2016
1944,MA1083.1,WRKY30,AT5G24110,JASPAR2016
1945,MA1084.1,WRKY38,AT5G22570,JASPAR2016
1946,MA1085.1,WRKY40,AT1G80840,JASPAR2016
1947,MA1086.1,WRKY43,AT2G46130,JASPAR2016
1948,MA1087.1,WRKY45,AT3G01970,JASPAR2016
1949,MA1088.1,WRKY48,AT5G49520,JASPAR2016
1950,MA1089.1,WRKY57,AT1G69310,JASPAR2016
1951,MA1090.1,WRKY60,AT2G25000,JASPAR2016
1952,MA1091.1,WRKY62,AT5G01900,JASPAR2016
1953,MA1092.1,WRKY63,AT1G66600,JASPAR2016
1954,MA1093.1,WRKY75,AT5G13080,JASPAR2016
1955,MA1094.1,WRKY8,AT5G46350,JASPAR2016
